"","Feature","Beta","P.Value"
"1","CCL13.1",-0.178730122885703,5.25693495221715e-05
"2","CCL13",-0.170725717058244,5.46286358839012e-05
"3","CD3D",-0.146035747154921,0.000830254263337546
"4","CXCL1",-0.135233784691126,0.0013120133657344
"5","LHX2",-0.134794889803441,0.0100738859472061
"6","CXCL3",-0.134069111994909,0.00414405758467439
"7","GNLY",-0.133052551124724,0.0048407772152781
"8","CCL7",-0.130401100301161,0.00542805517405035
"9","DNAH11.2",-0.128870781375193,0.00515315137006481
"10","IL8",-0.127471105645212,0.00207730032002235
"11","FOXJ1",-0.126790994113278,0.00312617945639461
"12","KIAA1324L",0.126575658970825,0.01477573693016
"13","LOC100653245",-0.123900650184999,0.0232583796349924
"14","PITX1",-0.120309908691953,0.00742958621338952
"15","CXCL9",-0.118497413284951,0.00135169398243923
"16","IDO1",-0.117607796248918,0.00510782074130187
"17","LOC643355",-0.117480213223614,0.0116764911649416
"18","IL7R.1",-0.116503011886352,0.00869205802343374
"19","CD1C",-0.116283559893984,0.0214458280691621
"20","VWA3A",-0.113405474321047,0.00689335191523805
"21","CHI3L2",-0.113342372728106,0.0124121940285188
"22","GUCY1B2",0.112350874010468,0.0117383491888469
"23","FAM153B.1",-0.112310231073406,0.00867581442201469
"24","GNGT1",0.112125401332532,0.0174550857613275
"25","VNN3",-0.111982211370065,0.0182034734487133
"26","FOXA2.1",-0.111256940532443,0.00818866318429253
"27","GZMK",-0.10817275505773,0.00937753022806574
"28","SAA4",-0.107518082028207,0.0126876706633942
"29","FAM153A.2",-0.106106141776096,0.00839020872197694
"30","CCDC135",-0.106043947425383,0.0198163460808919
"31","PRRX1",0.105819864681766,0.0200669037571535
"32","CAMP",-0.105741433968807,0.0210418438543412
"33","CCDC19",-0.105529371405199,0.0256229431766796
"34","LOC100507387",-0.105293379644379,0.013223402156269
"35","SGCG",0.105124859008249,0.0178540337442396
"36","LOC645249",-0.105051790797393,0.053356203030542
"37","SLCO6A1",0.104591866689745,0.0156239757698778
"38","CXCL13",-0.104521159159906,0.00595478185795685
"39","CCL20",-0.104236722820593,0.00872005938828752
"40","GAS2L2.1",-0.103256264949336,0.0395691440519871
"41","SERPINI2",-0.101563732291291,0.0331088959437587
"42","LOC100505944",-0.10139474452301,0.0210740394940033
"43","CCDC164",-0.101233565702539,0.01693324678685
"44","AADAC",-0.100969896756084,0.0212193784989716
"45","SAA2",-0.100961263108923,0.0101633321452337
"46","PIGR",-0.10023840133676,0.047132494307533
"47","CXCL10",-0.099600989882816,0.0086069975354703
"48","GRP",0.0992346277518363,0.00818293489290603
"49","DEFB126",0.0987406436495585,0.0180560502380172
"50","HIF3A.2",0.098470300740573,0.0192756616448042
"51","C1orf192",-0.0981271733610252,0.0277572030791838
"52","GNGT1.1",0.0977366100011269,0.0251061238319468
"53","TRIM63",0.0972848639346151,0.0361699073835677
"54","VNN1",-0.0969922514899818,0.0244149807489197
"55","CHRDL2",-0.0968066592393755,0.0471604573360697
"56","KIF5A.2",0.0967806072741258,0.0307350907949068
"57","TSPAN7",0.0966675961400409,0.025534988104704
"58","DACH1",0.0962759303086131,0.0293381398475518
"59","CXCL2",-0.0949919409758043,0.0245203196601099
"60","FOXA2",-0.0942778003780054,0.0128524672614691
"61","C2orf88.1",-0.0940183472219322,0.0194411238787047
"62","SLC28A2",-0.093938756000692,0.0525573037070031
"63","ISM1",0.0936916785748767,0.0576250234093968
"64","FGFBP1",-0.0934945668926238,0.0380722292116081
"65","RBM22.1",0.0932168726274016,0.0337556784019331
"66","CXCL11.1",-0.0919566052558047,0.0229089894155666
"67","B3GAT1",-0.0916363478257951,0.0269957797408954
"68","IDO2",-0.0915367147412558,0.0575546919966162
"69","S100B",-0.091248729771557,0.0606263881046318
"70","LOC100129858",0.0911596929204146,0.0269726322842199
"71","IRF4.1",-0.0911219184591439,0.0465276640061247
"72","CLDN6",0.0905054332048335,0.0210560168658804
"73","PDE11A.2",0.0903559874672971,0.0482865125732929
"74","C3",-0.0903131943957596,0.0294438783838291
"75","AREG",-0.0902593555987748,0.0501528802065531
"76","MMP3",-0.0900887930055735,0.0384445559371772
"77","FUT3",0.0900034172579217,0.0701843628958918
"78","OOEP",0.0898615218786431,0.0119931400373506
"79","WDR69",-0.0893428981544944,0.034754703540126
"80","FAM153B",-0.0885884291134964,0.0310072002062556
"81","LYZ",-0.0880934681523508,0.0706058565889156
"82","PDZK1IP1.1",-0.0879283497880651,0.0196344350373673
"83","CXCL11",-0.0878871168087855,0.0194894161304752
"84","KCNIP1",0.0878435807766418,0.0670270523092954
"85","CD1A",-0.0865007573242953,0.0744936251029741
"86","PTCHD1",-0.0864766738079108,0.0708704453405664
"87","NKAIN2.1",0.0863390757664003,0.0534428098125895
"88","`XAGE-4`",0.0861083848966996,0.0373450358322046
"89","WDR33.2",0.0858882818101989,0.0510295656566518
"90","MNX1.1",-0.0852309781197624,0.0499673232378734
"91","MMP12.1",-0.0849646977576081,0.00441931372767846
"92","IGJ",-0.0849553552873673,0.0436397644473295
"93","UBD",-0.0849094263092448,0.0185135899781724
"94","LIX1.1",0.0845100240939403,0.00998737785341303
"95","MMP12",-0.0837624813249094,0.0152399744041531
"96","DNAH12.2",-0.0837621330552918,0.0925895719657266
"97","NR4A3.1",-0.0829049360672616,0.0989412497371495
"98","POU2AF1",-0.0828957687403171,0.045342888241206
"99","CP",-0.0823308383932206,0.0272604605679371
"100","PIP",-0.0817751373467059,0.0871762079261797
"101","CD1A.1",-0.0809083142151328,0.053522928312995
"102","RPRM",0.0808633756835395,0.0537428232700666
"103","SOX2.1",-0.0805879538465266,0.0315021797998571
"104","BBOX1",-0.0802033299333137,0.0288320726858638
"105","PDE11A.3",0.0799245823170451,0.0592837529435256
"106","APOBEC3A",-0.0796748294640438,0.108605873009497
"107","CXCL5",-0.0794076513662134,0.0789720044957049
"108","POTEG.1",0.0792436916957037,0.0853093729254393
"109","PDZK1IP1",-0.0791171580806148,0.032967325762027
"110","LOC389043",0.0785942613733288,0.0515422775283527
"111","EGR4",-0.0776362143797833,0.0798561864078153
"112","FAM166B",-0.077554806349217,0.115715125300389
"113","IGLL1.1",-0.0775032882357285,0.0438082723157545
"114","DES",0.0773281028058607,0.0900820352933128
"115","C9orf135.1",-0.0771225033816133,0.0454726418081899
"116","IL6",-0.0766040757160535,0.0854992085863795
"117","SERPINA3.1",-0.0765805183982216,0.0559934327323949
"118","FGF13.2",-0.0765361134681755,0.0950812045447273
"119","OLIG1",-0.0765095098273817,0.11271010450637
"120","SYT13",0.0759446683987625,0.129422748051389
"121","KCNH8",0.0753310426085552,0.0718191271116118
"122","ZBBX",-0.0750527032913895,0.0501321024688762
"123","C9orf117",-0.0748528598047466,0.0911700960836808
"124","IGLL1.2",-0.0740700815330271,0.0459554142647833
"125","MYCN.1",0.0737778498410016,0.115132032181481
"126","TNFSF14",-0.0736878457144704,0.087766761548605
"127","VCX",0.0735868589913716,0.0659214236772523
"128","MMP11",0.0735184665348005,0.0672976404647973
"129","FABP6",0.0734161411886105,0.0456548387915893
"130","SLC13A5",-0.0732574862714585,0.102049349779123
"131","CCL18",-0.073033729744213,0.0371993575873753
"132","C3orf55",-0.0727192744908935,0.108208900651193
"133","ATXN3L",0.0724646960645387,0.0847185183637916
"134","DDX43",0.0724216909334145,0.0511991873411675
"135","MAGEA1",0.0722468410279171,0.0257318614851208
"136","LIX1",0.0717899864149952,0.0323397094612979
"137","SAA1",-0.0717673544420352,0.013698977649266
"138","PDYN.1",0.0716762947155731,0.0474000862147921
"139","MEG3.2",0.0712898358867468,0.0965071730517602
"140","C1orf194.1",-0.0712416915658416,0.0634350384755348
"141","SLCO1B3",-0.0710906169060845,0.075961052729422
"142","MARCO",-0.0710160653128916,0.118011639588465
"143","SEMA3D.1",0.0706828657152931,0.0686479687774342
"144","FGF9",0.070404926351251,0.11190868970219
"145","DNAH5.3",-0.0703824166113477,0.0809327009346139
"146","VCX3A",0.0702466255895691,0.0813290592905885
"147","C2orf88",-0.0701812725813604,0.0755039912548928
"148","CD22",0.0697882542860319,0.127968617507634
"149","RAB25",0.0694772298539295,0.10851854898218
"150","WNT11",0.0694044829211848,0.110138680383034
"151","MZB1",-0.069399127908303,0.0625019931907575
"152","VCX2.1",0.0693836074276572,0.0814459783561261
"153","OSTBETA",0.0685381383832007,0.121163664910958
"154","PHACTR3",0.0685204617686976,0.0969468140846378
"155","KIAA0125",-0.0684928169586629,0.120688153685977
"156","ATP6V1B1",0.0683883598020014,0.170955273806752
"157","PRSS50",0.0683082379463185,0.148589392868302
"158","GRAMD1C.1",0.0680246322509722,0.0909099610555352
"159","HTR3A",-0.067658791491924,0.0590909107257423
"160","RSPO3",0.0674241653697211,0.059732094078067
"161","GPC5",0.0673895218641428,0.112209104172462
"162","LOC389023",0.0673321821434845,0.0285340693299184
"163","SOX11",0.0669953015396171,0.0537042836611565
"164","MEGF10",0.0669926993920728,0.129183123948649
"165","MEG3",0.0668850737978634,0.149824090534371
"166","YSK4",-0.0668451294799998,0.144539079054406
"167","CKMT1A",0.0664553850931195,0.14985048353521
"168","MUC5B.1",-0.066319322590431,0.099937663063549
"169","PTH2R",0.0662730049265915,0.0955723747197577
"170","TMC1.1",-0.0662213272354766,0.126175698943494
"171","COL3A1.2",0.0652423319929681,0.158225765549758
"172","CTCFL",0.065009157089357,0.0657942019549326
"173","HYDIN",-0.0649668691742535,0.154842114829297
"174","EVPLL",0.0649197256768618,0.182817505758615
"175","MYT1",0.064678384393766,0.171494442632675
"176","LOC100506334",-0.0645652465211963,0.1564308932494
"177","MFAP4",0.0645512720966754,0.112333720132511
"178","IGF2.3",0.0644060911160975,0.0939130113306902
"179","HOXA7",0.0642788068038586,0.0763780396548632
"180","`NKX3-2`",0.063921096817275,0.0915566716123763
"181","LOC100653245.1",-0.063890730534239,0.0627360369402123
"182","RPA4",0.0636566652534409,0.119586246114667
"183","FCRL5",-0.0636507965926596,0.164461434587888
"184","AKR1C1",0.0635703578116127,0.17082885013733
"185","AKR1C1.2",0.0635422131807494,0.163749116966952
"186","PPARGC1A",0.0633277046933343,0.1545686899242
"187","CHI3L1",-0.0633214241486502,0.179192506843049
"188","IGLL5",-0.0629569323468703,0.0712166278150903
"189","PRUNE2",-0.0628939958849672,0.172404109801869
"190","FER1L5",0.0628761628692258,0.129898409509985
"191","CDHR3.2",-0.0626818725790701,0.198188446194005
"192","LRRC55.1",-0.0624409839481804,0.109960832598532
"193","SLC24A2.1",0.0624171101670315,0.175242531655088
"194","WFIKKN2.1",0.0622576238767882,0.174645999469665
"195","C6orf118",-0.0622319994177722,0.147908362358883
"196","CABP7",0.0621637856240298,0.0795148670497146
"197","HOXA5",0.0621025872665766,0.118292830619747
"198","CSAG2",-0.0620588301701639,0.143990384205804
"199","VGLL3",0.0620553801729155,0.20982159859544
"200","CKMT1A.1",0.0618071765400498,0.168341950421418
"201","PCDH9.1",0.0616743337548395,0.148449960054348
"202","MAGEA8",0.0616299803712312,0.103826491888012
"203","ARMC3",-0.0614657774932429,0.0960608799367248
"204","POF1B",0.0612106433182862,0.184748045098821
"205","IGF2",0.0610853737834095,0.0411007308987601
"206","FUT2.1",-0.0610714948492883,0.128541789271418
"207","NELL1",0.0610464962112156,0.0620055135714272
"208","BHMT2",0.0610444657713955,0.189578733133029
"209","ALAS2",0.061013762785717,0.129859585830897
"210","HOXA10.1",0.0609408307814268,0.0975129894386968
"211","ROPN1L.1",-0.0607930168819871,0.170485004737855
"212","HEATR7B1",0.060648266788538,0.0822075336401262
"213","`NKX6-2`",-0.0606452086304031,0.183475497415438
"214","HBB",0.0606172631917732,0.165297863509899
"215","S100A9",-0.06060709063822,0.189604186634042
"216","PPP1R1B",-0.0606055244680419,0.167966820730856
"217","MAL",0.0604135069765946,0.0970511381699133
"218","PCSK9",-0.06039663223209,0.176573779115657
"219","LOC401847",-0.0603953925489994,0.0596890387798161
"220","HBA2",0.0603932161959919,0.172498877724781
"221","POTED.1",0.0601764262796496,0.146736781064253
"222","LOC400891",-0.0598461990997223,0.150430827356241
"223","HNF1B",-0.0597086039850469,0.191898151157246
"224","CSAG1",-0.0596334533816739,0.187772889057024
"225","FCRL5.1",-0.0595025288376869,0.230638727549877
"226","CALHM3",0.0594164005539273,0.129475059940622
"227","LOC100506253",-0.0591902084542702,0.203182097574837
"228","WNT7B",-0.0591525130247545,0.197241234163113
"229","IGHA1",-0.0590993964108003,0.0341001735467647
"230","LY6K",0.0589622907686,0.148345166161335
"231","MIAT",-0.0589461390532804,0.17132157178656
"232","LOC100652730",0.0588119453114716,0.0914914650667013
"233","ZFHX4",0.0588031847977434,0.229088837188035
"234","SLC7A10",0.0587424777542128,0.154361313310144
"235","CGB1",0.0586561608910263,0.11724116432125
"236","CHI3L1.1",-0.058634037021048,0.205938460731354
"237","`HLA-DQA2.1`",-0.0586295598396985,0.185819558932942
"238","NXNL2",-0.0585290596233113,0.201721826433528
"239","NPY",0.0585236057238724,0.154560445032055
"240","LOC100652944",-0.058355311440238,0.198790181013236
"241","COL1A1",0.0582517227348305,0.236165059930811
"242","KIAA0125.1",-0.0582501939953641,0.207079133171578
"243","NR2E3",-0.0581933823302333,0.221476200137078
"244","FZD10",0.0581720290185441,0.217546351664514
"245","KCNMB2.1",0.0580676691171386,0.191431441924909
"246","PIGR.1",-0.0580437785305926,0.032253008641408
"247","KRT4",0.0580001906267741,0.167153814302457
"248","LEFTY2",0.0579495536730326,0.211180193397461
"249","CCDC37",-0.0579120928503902,0.0878366856324664
"250","HMGA2",0.0576990604463056,0.143056149431316
"251","NTF3",0.0576615255027722,0.185997737796381
"252","RSPO3.1",0.0575548033502089,0.15209892407658
"253","EEF1A2",-0.0575265385447894,0.267412221935109
"254","LTF",-0.0575115800811653,0.175554053852695
"255","PPP6R1",0.0575058378070156,0.136674210666597
"256","CA9",-0.0574614274843564,0.154108777168754
"257","RIC3.3",0.0574246563917292,0.226502402080552
"258","C2orf54",0.0573469588721685,0.190295981444339
"259","MMP1",-0.0572084389126806,0.129802900714668
"260","BARX1",-0.0570135145388329,0.170375942391717
"261","BNIPL",0.0570092025114396,0.195973138124351
"262","C10orf81",-0.0568798033513174,0.0858893473252666
"263","`AFAP1-AS1`",0.0568503483637968,0.0966241522853095
"264","PAGE4",0.0565486438223237,0.24194763071211
"265","HOXA9",0.0565024147810383,0.0722962930340624
"266","KRBOX1",-0.0563722056096161,0.171252775535464
"267","LINC00261",-0.0558872167153141,0.212525979558045
"268","COL3A1",0.0558592142717278,0.239344866941027
"269","PPP2R2B",0.0558563778290158,0.218622313623812
"270","RNF182",-0.0557762455450232,0.225850883346118
"271","S100A8",-0.0553710061481693,0.222338408448657
"272","CXXC4",0.0552138158516641,0.213008099104598
"273","LOC100507043",-0.0549011747183881,0.0481154244226967
"274","CYP4B1",-0.0548489367322395,0.13572867039039
"275","COX17",0.0547749634004659,0.182608058085477
"276","LOC100287723",-0.054764539041568,0.0645060505595041
"277","ARMC4.1",-0.0545073843860511,0.252746015833922
"278","UGT2B10",-0.0541056839225475,0.199867127592646
"279","GSTA5",-0.0539633908831955,0.199184450898778
"280","HGD",-0.0536701208678518,0.226702477103985
"281","POTEG",0.0536410019168965,0.176693761378336
"282","`IGF2-AS`",0.0535643175963618,0.226312181508893
"283","PNMT",0.0531797613131736,0.247468563899002
"284","CSAG2.1",-0.0531696847138754,0.225235070636919
"285","DCN",0.0531374659217653,0.255046188625221
"286","LRRC2.1",0.0531291647590893,0.109197096575129
"287","C21orf90",0.0529510281936935,0.135032269686731
"288","CDH22",0.0529277262505175,0.11916969734209
"289","CEACAM6",-0.0528786898338978,0.212812067978944
"290","CD86.1",0.0528408505826646,0.16439155057997
"291","IRX5",0.0527725746300998,0.17644063911694
"292","PRSS30P",0.0527454569377961,0.202434651135877
"293","TBX18",0.0527401334541187,0.260650381457327
"294","AKR1B10.1",-0.0527065909304963,0.194242188297785
"295","HOXA10",0.0526229245647099,0.199799704707176
"296","HMBOX1.2",0.0524771571523657,0.112034088351526
"297","MGC39584",0.0524187164084211,0.166955202663739
"298","ADAMTS18.1",0.0523357256182421,0.230919165451824
"299","SEC14L4",-0.0522686005256472,0.246676669815227
"300","TTC29",-0.0522432999069135,0.286713265778798
"301","HBD.1",0.0520570002362856,0.230174383743159
"302","WNT4",0.0520151694083016,0.271534348494533
"303","DPT.1",0.0519508382281927,0.23551522240612
"304","EDN2",-0.0519397308282042,0.255014853940537
"305","ADH1A.1",0.0518692506207657,0.197209047876886
"306","TMEM132C",0.0517487899779998,0.218203075491664
"307","FOXG1.1",0.0516439101193043,0.222098982680069
"308","UGT2B11",-0.0515500196536946,0.142178503570531
"309","TMEM100",0.0510687487940719,0.150732997765721
"310","RSPO1.1",-0.0510591266347266,0.159260786382681
"311","LOC100652818",-0.0509308458297267,0.0849066670769917
"312","OXGR1.1",-0.0508707540412056,0.238155865903366
"313","TNFRSF17",-0.0508624968999981,0.141432741928001
"314","PLAC4",-0.0506706260770787,0.305532773794724
"315","GFRA2",-0.0506699481151961,0.293046404482012
"316","TIMP4",-0.0506644549293261,0.26774570396311
"317","PPAPDC1A",0.0506545723957722,0.25862630667182
"318","CRYGC",-0.0506417007178623,0.234269130496328
"319","POTEB",0.050591414497292,0.204757755934196
"320","FLJ23152",-0.0503829884701617,0.302228875302824
"321","RASSF10",0.0503529184578653,0.186572569125421
"322","LOC100130811",-0.0503360834740816,0.17492698935384
"323","C10orf81.1",-0.0502840633145564,0.107553205256441
"324","COL9A3",0.0501526462233108,0.263069221305692
"325","LOC100507520",0.0500863047386937,0.198471490668469
"326","CEACAM6.1",-0.0499790332914118,0.148191220593979
"327","CLDN19",0.049928452540051,0.19689120470557
"328","SPAG11B.2",-0.0499069226714488,0.223819099153009
"329","KLK5",-0.0498898900791385,0.143418479704181
"330","SOX2",-0.049805053597759,0.0596915734923767
"331","SLC26A9",-0.0496554193518581,0.261044394984522
"332","LCN2",-0.0494065480321151,0.180572539398674
"333","ADAMDEC1",-0.0491997703050635,0.271473489434185
"334","GLYATL1",-0.0489956204690996,0.260916071803416
"335","HOXB3.2",0.0489131689562554,0.226457425989927
"336","PODN",0.0488925196855948,0.30800603973549
"337","ABCA13",-0.0488718535982739,0.276536866799608
"338","RIC3.1",0.0488014350262637,0.259214453325707
"339","IGF2.1",0.0487909636728473,0.093281875320952
"340","FCER1A",-0.0486956187596096,0.24698771764491
"341","SHISA2.1",0.0486806299787957,0.299384777475932
"342","GPC6.1",0.0486493596815831,0.30150629555588
"343","SIGLEC11",-0.0484028683958739,0.319146136488804
"344","ANXA13.1",-0.0483465596645976,0.282093674067357
"345","TEKT1",-0.048278931636797,0.261428236575273
"346","SEMA3E",0.0482700300242241,0.17381521646443
"347","HP",-0.0480672014016552,0.0836243180810232
"348","`IGLV6-57.1`",-0.0480315267143738,0.0921103827854892
"349","POTEE.2",0.0478750321381583,0.215850699392759
"350","`HLA-DQA1`",-0.0478312831823405,0.144047066642924
"351","CAPN13",-0.0477219213836044,0.30079604333176
"352","VSTM2L",0.047691279463001,0.229741121421176
"353","LMO3",0.0476485101041881,0.144852045482985
"354","SPINK5",0.0473695573814405,0.283541523882811
"355","VCAN",0.0473185137780503,0.326144002447626
"356","COL3A1.1",0.0472007950598155,0.263786173101078
"357","RSPO1",-0.047189737015984,0.149045737473528
"358","GSTA2.1",-0.0471718127613976,0.272622631708654
"359","EPHA10.1",-0.0471472985805396,0.241096110114512
"360","SHISA9.2",0.0471270167110552,0.264466646352732
"361","TP53TG3.1",0.047054082666348,0.22272229591535
"362","SFRP2.2",0.0469916584248421,0.132386016492779
"363","CAPN13.2",-0.0468741193182531,0.248504571638162
"364","SLC5A1",-0.0467738783013175,0.230527033206116
"365","LOC642838",-0.0467357961247704,0.0951864793311609
"366","C1orf87",-0.0466965360702208,0.322262620107322
"367","COL5A1.1",0.046640526226475,0.317634274279849
"368","SFRP2",0.0463339157870248,0.119292635410776
"369","NNMT",-0.0462847912091667,0.298868430590525
"370","FOXP2.3",0.0462488110247419,0.276932541999589
"371","ATP1A2",0.0461947483773538,0.262678819681066
"372","MAGEA2B",0.0461315528451607,0.244592145953255
"373","`HOXA11-AS1`",0.0460939405116908,0.196382360001074
"374","EFCAB1",-0.0459686876723168,0.232449703615607
"375","SPAG11B.3",-0.0459451780845331,0.214287577166679
"376","PRSS21.1",0.0458189215172297,0.296373053965735
"377","`AFAP1-AS1.1`",0.0457302709945162,0.144947533134892
"378","WDR96",-0.0453252195159985,0.313699010154482
"379","LOC643037",-0.0453176877310219,0.249327149854142
"380","HNF1B.1",-0.0452916242090544,0.240699685913162
"381","DSCR8",0.0451657175511041,0.0970501286305958
"382","IGF1.2",-0.0451386097066723,0.366282193654725
"383","KLK10.1",-0.045128206454765,0.271766855821436
"384","COL8A1.2",0.0450829735076475,0.273025066898562
"385","LOC100292909",-0.0450812912623508,0.192114301589794
"386","ANXA13",-0.0449219151627424,0.300041552451407
"387","THSD4.1",-0.0448355023739694,0.319749198706742
"388","COL10A1",0.0447880082333958,0.247519339501949
"389","SMPX",-0.0446249217748037,0.332301259391746
"390","EBF3.1",0.0445881148998267,0.282986056536179
"391","UGT2B10.1",-0.0445081248720065,0.28284599325218
"392","DEFB1",-0.0444399085369975,0.238449417358304
"393","GPR68.1",-0.0439634127652185,0.367331607988572
"394","S100A1",-0.0438591909094953,0.345505272801459
"395","CCL19",-0.0437549710024798,0.379196416314028
"396","POTEE",0.0436095225176256,0.239702796930845
"397","EFHB",-0.0433539279427959,0.326476337621658
"398","LOC283454",0.0432684732792668,0.310310422520986
"399","C1orf168.1",-0.0432472039234791,0.316146756741414
"400","IL5RA.2",-0.0432225390384131,0.349918233998296
"401","LOC100287221",0.0431848976593405,0.341522705455036
"402","TMEM132B.2",0.0430866052253982,0.306113145125703
"403","CCL14",0.0429763951096456,0.309327361158955
"404","KRT16",-0.0429023920832429,0.315787319739798
"405","SOX11.1",0.0428534631413341,0.103613297167416
"406","CALB1",0.0428251139434921,0.188682629965612
"407","HOXB3.1",0.0427236842897132,0.365533523678124
"408","SPEF2.2",-0.042590158171652,0.357186428330407
"409","LUM",0.0425738697992184,0.226575665061324
"410","LINGO2",0.0425581021872231,0.239994785413796
"411","RIMS2",-0.0424341739209924,0.296020148892036
"412","DNAI2",-0.0424310589037828,0.350896777231524
"413","ABP1",0.0424242862877199,0.317428289408054
"414","KLK8",-0.0424192887065564,0.352617844156188
"415","VTCN1",-0.0423733902020618,0.274991435418441
"416","HPR",-0.0423569772690484,0.105675677557088
"417","UGT2B4",-0.0423312579275279,0.354345331712857
"418","HOXA3.1",0.0422932176941251,0.27250283044463
"419","FAP",0.0422733756073087,0.281057547957022
"420","LOC100289094",0.0422514707915624,0.295150412008821
"421","CXCL17",-0.0420981042820338,0.150204048461959
"422","RTN4RL1.1",-0.0420031054465801,0.338116730237606
"423","POTEE.3",0.0419656684471132,0.300263785239361
"424","CA8",-0.0417135842486528,0.387064496010616
"425","FAM150B",-0.0416825656024502,0.271546430834284
"426","CHRNA1",0.0413987602939725,0.343123892828699
"427","POTED",0.0413054755727657,0.316071032764356
"428","BANK1",-0.0412434873520166,0.323961726158163
"429","C11orf88.1",-0.0412081981103801,0.266089844953075
"430","C6orf123",-0.0410331185864134,0.368916388302673
"431","GDPD2",-0.0409552683035007,0.347898988475444
"432","NEFH",0.0409539129085023,0.349922736829097
"433","SFRP2.1",0.0409263250129863,0.12175953082917
"434","NKAIN4",0.0408294882504761,0.364408926032496
"435","MAGEA9",0.0407780962983021,0.207171387042389
"436","PTGER3",0.0406744327190737,0.366941332199079
"437","KCNMB2",0.0406230731818532,0.316809128437945
"438","UGT2B7",-0.0401674228491031,0.161358611687089
"439","MKL2.1",-0.0400873020778047,0.391984500435611
"440","NOS1.2",0.0400475859427077,0.384591223280658
"441","DMRTC1",0.0400184488836583,0.40075850417927
"442","COL8A1",0.0399425768515152,0.350996452178944
"443","SORCS2",0.0398271393133418,0.375736149162328
"444","SLITRK6",-0.0397729328173793,0.213129369708262
"445","HHIP.2",0.0397466265003097,0.347963144118987
"446","CNR1",0.0395986977427637,0.300199148828383
"447","C13orf33",0.0395574165780941,0.378614175891839
"448","NRAP",-0.0395381430228782,0.295332056496872
"449","COL22A1",0.0394589028028482,0.305341822241096
"450","FOXQ1.1",-0.0394411641200084,0.364874937864983
"451","LIN28B.1",0.0393316349892237,0.329149362608053
"452","MMP7",-0.0393053546869004,0.206560269248123
"453","KLK10",-0.039300929276483,0.338857473482708
"454","NTM",0.0392613175054641,0.28982396478418
"455","PCK1.1",0.0392083013198546,0.286050327478303
"456","CCNA1",0.0391938349412408,0.3482568300917
"457","FAM81B",-0.0390924092863135,0.228482706734144
"458","CXCL14",0.0390351408125571,0.238350682071138
"459","ANXA8L2.1",-0.0389129463830835,0.360641964566238
"460","COL11A1",0.0388352074298408,0.173151661120117
"461","C1QTNF9B",0.0385776129701471,0.401464333389461
"462","PRSS21",0.0385660983942067,0.36159876754171
"463","SOST",-0.0385408081314766,0.309045699531311
"464","PRDM16.1",0.0385360356599841,0.331427453708482
"465","OCA2",-0.0384313670896557,0.38377090631605
"466","LRRC71",-0.0382842927477015,0.375534330069834
"467","PKHD1L1",-0.0382523474823465,0.268324881575407
"468","CAPN6",-0.0382205513698905,0.309928810684466
"469","AGR2",-0.0382023329357299,0.309769005520527
"470","CRYGD.1",-0.0380960550638155,0.314683967584095
"471","TCF21",0.0380555906563455,0.330201965999202
"472","CTNND2.1",-0.0377801922777144,0.410408323052477
"473","GCNT3",-0.0376607643673785,0.362739980700987
"474","PRSS33",-0.0376290059741278,0.412716992707144
"475","POSTN",0.0375710112911537,0.270031682124144
"476","KLHDC8A",-0.0375561359670257,0.348305052096874
"477","GCNT3.1",-0.037549300406639,0.419243606783984
"478","ASPN",0.0375417142937287,0.35349551574668
"479","HOXB8",0.0374081475161773,0.193723283480176
"480","SLC6A20",-0.0373871476351361,0.37443310929936
"481","XAGE1A",0.0372481996811773,0.33630144152991
"482","CDH12.1",-0.037160323346955,0.399165241841441
"483","HOXA2",0.0370637737799351,0.395622012628869
"484","AQP6",0.0369822300951975,0.383559613269322
"485","LIPH",-0.0368719890454489,0.437848164626782
"486","`IGKV1D-8`",-0.0367301699498302,0.271198297133637
"487","SULF1",0.0365808458649124,0.421461185018051
"488","MAGEA11",0.0365522803348636,0.2383474093279
"489","ADAMTS16",0.0365221440756648,0.365980639032298
"490","SELV",0.0365079099505703,0.394931931987901
"491","CNTN3",0.0363326932306465,0.427611394888224
"492","SST",-0.0362549157896485,0.156536992625888
"493","LOC388630.2",0.0360501369891003,0.430094253052187
"494","THBS2",0.03595284706923,0.357975449280377
"495","LEMD1",0.0358696061123936,0.37070584093369
"496","AMY1C",-0.0357304870055336,0.417767707742973
"497","KIRREL2.1",0.0357238592527668,0.341817443306468
"498","COL8A1.1",0.0356878430393406,0.400365752123534
"499","KAZALD1",0.0356244368209997,0.446425634089136
"500","CHRM3",-0.0355294085596246,0.398203806640396
"501","C1orf173.2",0.0353805752037783,0.451695500147295
"502","GSTA1",-0.0350740424391232,0.369879835165955
"503","EFCAB1.1",-0.0349743244740129,0.38693786636401
"504","CLDN16",-0.0349202648048454,0.256931934363304
"505","INHBA.1",0.0348338092727016,0.365031367321993
"506","ADH1C",0.0347895383756709,0.435056564962963
"507","CLDN16.1",-0.0346895509291039,0.344299809493802
"508","GFRA2.1",-0.0346156295232645,0.447137359146845
"509","GPR158",0.0345852355857332,0.319161174491029
"510","COMP.1",0.0344045110792061,0.355212260407845
"511","PCDHB5",0.034246023485816,0.419194725010889
"512","LOC650226",0.0341544535096564,0.348545584551814
"513","AKR1B10",-0.0341387343634794,0.362252311590948
"514","PGR",-0.0340844537948436,0.463972992037063
"515","ALPK2",0.0340079882363281,0.396846884723683
"516","GJB5",-0.0339036941989691,0.382773826267776
"517","COL6A6",0.0338141619015561,0.280514949083937
"518","LPAR3",-0.0337158908746168,0.505564962044104
"519","ELN.1",0.0336635067405396,0.468140963617671
"520","CYP26B1",0.0336555250054372,0.450049374466655
"521","KRT5",-0.0336329393622473,0.337999909580657
"522","MFAP5",0.0335856078389283,0.356598248662725
"523","PCP4",-0.0335834123091991,0.342792435162131
"524","IBSP",-0.0334809609618955,0.453270024195648
"525","CAPSL",-0.0334336056465977,0.401146564744131
"526","PRND.2",0.0334291904226504,0.446717962964221
"527","GJB1",-0.0334228504688125,0.416715900441636
"528","FOXL2",-0.0334085939653017,0.293371134792884
"529","UGT2B17",-0.0333493217212203,0.467161898160482
"530","C11orf88",-0.0332869526486779,0.234681855967469
"531","KCNB1",0.0331592099655977,0.480975265071398
"532","COMP",0.0330805930666251,0.288340617354609
"533","KLK11",-0.0330607101548994,0.380763807067065
"534","ODZ3",0.0329298505451195,0.478026886807688
"535","PHYHIPL",0.0327212426885372,0.457163257911053
"536","LY6H",-0.0326564719496219,0.467564125766519
"537","THBS2.1",0.0326302874062311,0.355911385791137
"538","IGF2BP3",0.0326265844121556,0.393645486975506
"539","SLC34A2.1",-0.0326176855379288,0.391451223881993
"540","KBTBD12.1",0.0325519612296391,0.380364793612953
"541","OMD",0.0325203644066024,0.490653665116022
"542","`HLA-DQA2`",-0.0324962796060087,0.337826048809448
"543","FLJ13744",-0.0323793204514593,0.410590045711284
"544","DMBX1",0.0323521854557907,0.425533221324585
"545","TPO",0.0323390144574267,0.474631955228903
"546","EDN3",0.0321323484340831,0.42537163050075
"547","SALL1",-0.032034096283003,0.450815531341337
"548","KRT16P2",-0.0320257174987017,0.491913002980817
"549","CILP",0.0320115695734682,0.440062460982359
"550","FAM101A.1",0.0319386314883118,0.461276035711205
"551","MAGEA4",0.0317810994474355,0.344828981148144
"552","CHGB",0.0317500415927044,0.455696215009264
"553","SLC47A2",-0.0315419097106974,0.479161530562788
"554","TMEM190",-0.0313862683843036,0.470230763955659
"555","HOXB9",0.0313486036595411,0.315867690871197
"556","OGN",0.0312893979663981,0.348572350763847
"557","ANKRD20A9P.1",0.0312763804333571,0.495722268619393
"558","ADH1A",0.0311832460933614,0.36528146830826
"559","SCARA5.1",0.0310908372946664,0.462456874533895
"560","GABRG3.1",-0.0310749602479425,0.436863689689261
"561","FLJ30901",-0.031062090664292,0.504603617033714
"562","DMRT3.1",0.0309891109617094,0.520581847694232
"563","LAMA3.2",-0.0309699998092433,0.491361626452869
"564","TUBB2B",0.0309585688809429,0.344343351299906
"565","DIO2",0.0307769672087586,0.506449797738483
"566","WDR72",-0.0305547342514756,0.422751250459869
"567","WISP3",-0.0304612495429177,0.469317261480391
"568","PLAC1",0.0301207495228521,0.385514343289844
"569","JAKMIP3.1",-0.0300200698976605,0.477565496610779
"570","PTPRR",0.0299858081859364,0.511943155644547
"571","GFRA1",0.0299255070904563,0.428855968532778
"572","MYH6",0.0298628440986146,0.428097796065423
"573","ATP2C2",-0.0298091881238281,0.545980720456895
"574","PDGFRA",0.029730299655607,0.499578774358579
"575","KIAA1324",-0.029646913779044,0.411919362007968
"576","ADAM12",0.0295733291881497,0.535066189865114
"577","TNNC1",0.0294419087144012,0.515826562058069
"578","FAM92B",-0.029299244746382,0.478937060293229
"579","PSCA",-0.0292641680925922,0.42980004017725
"580","LOC100506159",-0.0290774968727787,0.494925805684385
"581","PROK2",-0.0290032900204358,0.409754779681089
"582","HOXA4",0.0289686462684548,0.420471479622289
"583","FOXN4",0.0289662621929616,0.440216829476099
"584","SOX3",-0.0288132027003835,0.412897441528286
"585","FMO2",-0.0285454478868377,0.419126438351878
"586","WDR16",-0.0284862237010271,0.481855072472371
"587","PRSS12",-0.0284127361085657,0.499155769478849
"588","HOXC9",-0.0283925873846523,0.514695046781714
"589","HOXB13.1",-0.028371866157709,0.488423019677222
"590","LGR5",0.0281423985901928,0.517723600779311
"591","C6orf15",0.0280421974253968,0.463156410902737
"592","DAPL1",-0.0280358935094329,0.412789806611898
"593","CHRM3.3",-0.0278731170680246,0.525964285511082
"594","GPM6A",0.0277878080748241,0.469199447580743
"595","FNDC1",0.0277302557454887,0.508922376323754
"596","TDRD9",-0.02762318256976,0.482865965116437
"597","C13orf30",0.0276010559814639,0.530475275079362
"598","LPAR3.2",-0.0275872667855845,0.601848423444894
"599","FAM3B",0.0275052208724596,0.543998322848267
"600","STRA8",0.027486553943622,0.556524095480413
"601","HOXB5",0.0274515499754121,0.454665044777305
"602","FAM101A",0.0273660664351904,0.570419715505331
"603","C1orf110",-0.0273550077654098,0.579859486494185
"604","COL9A1",-0.0273547280488725,0.549049942968951
"605","HPGD",-0.0272632935777704,0.490998727476132
"606","KCNJ16",-0.0271688116007182,0.41567318752317
"607","SCGB1D1",-0.0271240930408083,0.483346553384451
"608","TMPRSS4",0.0271228949259884,0.533727769992094
"609","MORN5",-0.0271209542499022,0.515196187648028
"610","H19",0.0270897690764974,0.330018138568247
"611","RBFOX1",0.0270820348426538,0.469079982275607
"612","CALML5",0.027025792834812,0.470570864058663
"613","MUC15",0.0269546251793707,0.503110817312
"614","FAM3D",-0.0268889990793851,0.588838529917336
"615","ABI3BP.1",-0.0268528579175377,0.566200407783664
"616","ASXL3",0.0267526326777511,0.531221978601326
"617","TRIM15.1",-0.0266072978148582,0.553005519494026
"618","NGFR",0.026017203429023,0.578867383995904
"619","AQP5",0.0259623878579745,0.571894443302321
"620","INHBA",0.0259592646926149,0.523675180693026
"621","SCGB1D2",-0.0259064779201822,0.506200119817168
"622","CRLF1",0.0255477572992629,0.561283010056687
"623","PROM1",-0.0253276338093934,0.476159884632304
"624","ODZ3.3",0.0252123177914732,0.507078545076513
"625","EPYC",0.0251509552396664,0.558485453236248
"626","IGF2BP1.1",0.0251000755206691,0.490224976527618
"627","HS6ST2",-0.0250633197189327,0.577656734972292
"628","NTF4",-0.0248530241332055,0.584747091374258
"629","PTPRT.1",0.0246044488072572,0.451207056780575
"630","GPRC5A.1",0.0245846399487676,0.594013409361334
"631","MIR1245A",0.0245365944113089,0.578906167939459
"632","ZIC1",0.0245359806014752,0.343153919654051
"633","MEOX1",0.0245298995023655,0.56458744847191
"634","NLRP7",0.0245127592860788,0.502467896575124
"635","C2orf40",-0.0245072403655509,0.573915806357341
"636","GALNT8",0.0244302653372815,0.517496324346142
"637","MYH11.1",0.0244259471181491,0.54926339526444
"638","PAEP",-0.0244247971431841,0.457233288941105
"639","FLG",-0.0243917691227038,0.507725665789477
"640","CPXM2",0.024145523310907,0.582697577483689
"641","LUM.1",0.0240903341049182,0.527990501863274
"642","LYPD1",-0.0240232259517572,0.607468024246231
"643","RPSA.6",0.023944621785458,0.464369043634629
"644","PCDHB2",-0.0239369005635513,0.534743032924044
"645","DDC",0.023858830872422,0.616958374158968
"646","DPPA2",0.0237962291280591,0.567520800662914
"647","IRX3",-0.0237861399424222,0.515137340385599
"648","LRRC3B",0.023776166387298,0.55616047611568
"649","IL13RA2",0.023756389842274,0.598899715074016
"650","GLI1",-0.0235960048916182,0.56582959637684
"651","GAGE7",0.0235045327338091,0.423954106929818
"652","C11orf41",0.0235027625770801,0.605033722824022
"653","NR4A3",-0.0234161759883223,0.587275469088573
"654","KRT6B",-0.0231619101570349,0.521569217101961
"655","JPH3.1",0.0231310594816419,0.601349173772008
"656","SCEL",0.0229747529534012,0.577610773026143
"657","SSX4B.1",0.0226756627729141,0.575087193839923
"658","LOC100271840",0.0226571033457089,0.559474710218607
"659","AJAP1",0.0226330357705917,0.489166470594014
"660","GRIK3.1",0.0226257275252078,0.461214507806142
"661","PTGIS.1",0.0224932455787854,0.617918056484154
"662","SFRP4",0.0224784678549312,0.526040375097418
"663","CCKBR",-0.0222853450577457,0.617860841102277
"664","EGR3",0.0222582562834018,0.608362780128753
"665","GJB2",0.0222570689185073,0.565714019520617
"666","GPRC5A.2",0.0220283584947668,0.649920898669656
"667","SLC6A13",-0.0220079321693653,0.622701442698987
"668","MKRN3",0.0219080980482585,0.582521283060937
"669","XG",0.0219011244521998,0.606475454607647
"670","LOX.1",0.0218770426077095,0.64694814907978
"671","GLDC",0.021843070654257,0.610961259638865
"672","TTYH1",0.0218089092834598,0.592931798166095
"673","TDRD12.1",0.0217850111451971,0.608162730755077
"674","GRIA2.2",-0.0217694237527374,0.513458317146726
"675","LRRTM1",0.021763149244698,0.574293308889213
"676","REG1A",-0.021730879767265,0.423139134467278
"677","LOC100131138",-0.0217167922702303,0.647051279828454
"678","TMEM158",0.0217011256402772,0.627376123985078
"679","UPK1B",0.0216121906552161,0.580241705668173
"680","MAGEA12",0.0215883926478574,0.63516376137497
"681","GJB2.1",0.0215736049096199,0.570860550338425
"682","OLFM4.1",0.0214461582815059,0.494850865494453
"683","GSTT1.1",-0.0214305136121343,0.406119395855631
"684","FOXA1",-0.021383468267571,0.579437302902013
"685","SIX1",0.021308738307438,0.531944112537964
"686","CHRM3.1",-0.0212930622486778,0.644415534872051
"687","LOC440905.1",0.0212677486185522,0.611586724200747
"688","PROK1",-0.0212452277624824,0.643673204848476
"689","RNF212",0.0212286599790157,0.583605670713793
"690","TFF1",-0.0211535226408833,0.653728055813377
"691","LRRC15.2",0.0209789063215919,0.441665018114032
"692","SLC14A1.1",0.0209152533618042,0.546847154833578
"693","SLC19A3",-0.0207078964550462,0.630254626173629
"694","SRCIN1.1",0.0206663657769818,0.632199092140095
"695","XAGE2B",0.0206222482460031,0.485704098888214
"696","FOXA1.1",-0.0205173169282519,0.51080768622073
"697","CDH16",-0.0204927227518388,0.522684358119098
"698","CDH2",-0.0204395984996729,0.666332421536981
"699","ITLN1",-0.0203990343030942,0.551319688526643
"700","HBG1",0.0203365478654226,0.626098225778515
"701","SFTA2.1",0.0202528064680864,0.641102912264012
"702","PPP2R2C.1",-0.020196922197522,0.60743865356825
"703","C9orf24",-0.0199808130528702,0.621593934210685
"704","HNF1A.1",-0.0199605965877224,0.692569602536924
"705","DIO3OS",-0.0199367109402489,0.659489663701535
"706","NLRP2",0.0198487214911374,0.510761035167452
"707","NXF5",0.0196747200744776,0.512466584693384
"708","ONECUT2.2",-0.0196741705200723,0.653131685713979
"709","CYP4Z1",-0.0196137935919933,0.67364287220261
"710","MUC4",0.0194464299128241,0.556688084026417
"711","APCDD1L",0.0194155913980753,0.658381919084575
"712","LYPD2",0.0192510883650216,0.589122388950225
"713","GPR98",0.0192338338238916,0.648576898828588
"714","MYH11",0.0192021637607863,0.639649615737115
"715","HPN",-0.0191814110268161,0.683088928282162
"716","UCA1",0.0191768037937354,0.61880703981594
"717","SPAG6",0.0191689008932958,0.664433529173375
"718","CLDN10",-0.0190853485838676,0.636264832721362
"719","MUC16",-0.0190537716540356,0.634580769174726
"720","C10orf116",0.0187250595306167,0.674487887205803
"721","HOXB4.1",0.0186409018444838,0.678219904326488
"722","LINC00473.1",-0.0185963090208553,0.702452213392291
"723","PDLIM3.1",0.0185810560195827,0.677305785847015
"724","ANKRD18A.1",-0.018577217178163,0.650366510716728
"725","C6",-0.018514499955179,0.679070655718435
"726","OBP2A",0.0184246597307512,0.582891313904143
"727","BMP7.2",-0.018393456205329,0.57244243729022
"728","C4orf7",0.0183718260066862,0.652810486428299
"729","CYP2F1.1",-0.0183137244204998,0.691992470148577
"730","TRIM43",-0.0182133612662736,0.674256772467538
"731","TM4SF4",-0.018141715861909,0.659734712039216
"732","NDP",-0.0179120824315013,0.683031197776722
"733","TTYH1.1",0.017889186440246,0.624028794237802
"734","S100P",-0.0175401477378516,0.703219760339536
"735","HRK",0.0174990517153105,0.701458811853469
"736","GRID2.1",-0.0173060643531271,0.683917613861117
"737","DMBT1",-0.017193933780778,0.568200369813033
"738","HMGCS2",-0.0169128447041871,0.704579812026697
"739","SELP",-0.0168348443338694,0.719122643371745
"740","PDCL2",-0.0166407765310033,0.678976987970701
"741","HOXB6",0.0164936571517801,0.655431553725461
"742","SV2C.1",0.0164407318086742,0.712981441031551
"743","GDF10",-0.0162814560161524,0.704171215889926
"744","CDC20B",-0.0162188727327467,0.721209240442641
"745","HOXD3",-0.0161535833994834,0.692054292995601
"746","SNTN",0.0161280267801247,0.695042979065563
"747","COL2A1",0.0161264697316118,0.560983857522537
"748","WNT7A",0.0161209883242786,0.688907325735806
"749","PLIN1",0.0159975801112827,0.735262949211062
"750","KRT6C",-0.0159740449008812,0.656382990721094
"751","HSPB3",0.01587101011777,0.734797598439542
"752","MMP10",-0.0157984442092013,0.568834844491409
"753","MMP13",0.015672571416968,0.662207180583088
"754","HOXD1",0.0156301143901768,0.648306325292327
"755","CDH6.3",0.0156074198123267,0.728410890549284
"756","CA4",-0.0154959280421186,0.735052152685012
"757","VSIG2",0.0154178735907495,0.691552485804569
"758","SCRG1",-0.0154149659315046,0.68545184281212
"759","CHRDL1.1",-0.0153216627796516,0.676485800083145
"760","ITIH5",-0.0151187155785832,0.744941640388255
"761","MAGEC2",-0.0151148970441192,0.741341837679811
"762","KANK4",-0.0149836452474121,0.720845891515665
"763","GTSF1",-0.0149360658434313,0.736234498193233
"764","SORCS1",-0.0149326508082362,0.74143837218675
"765","FBN2",0.0148632314702359,0.733874033386105
"766","LY6K.1",0.0148623263706572,0.556018317024315
"767","MLC1",-0.0147791921364181,0.687782916896186
"768","SCGB1C1",0.014773564786565,0.725066328046142
"769","COL6A5",0.0147354556315257,0.742888246011181
"770","UTS2",-0.0147323353960663,0.720636553601886
"771","PAGE5",-0.0146428036615968,0.710291510509262
"772","COCH.1",-0.0146180689166365,0.752659612583067
"773","SCGB2A1",-0.014572514333111,0.673319349888618
"774","MOXD1",-0.0145319943550207,0.763147704830278
"775","MS4A8B",-0.0144615759494757,0.68102603251612
"776","NTNG1",-0.0144242512491933,0.752672515587586
"777","IGFL2",0.0143437686630853,0.67449843355855
"778","GREM1",0.0143150875285792,0.750527970740598
"779","KRT6A",-0.0142974826051742,0.692213155395106
"780","ADCY2",0.0142938693342274,0.729258606384679
"781","CD36.1",0.0142825779747477,0.763767487144406
"782","LY6K.2",0.0141177771435781,0.594597474615333
"783","CYP3A5",0.0140304466708366,0.67999810428525
"784","UTS2.1",-0.0140106639084072,0.72366908457377
"785","NXF2",0.0138744934057372,0.649751993270691
"786","CDKN2A",-0.013841835205251,0.753222678524826
"787","HPN.1",-0.0138063915402111,0.747480717308669
"788","CADPS",0.0137987098031514,0.737513880870019
"789","GALP",-0.0137862112569783,0.724662284774564
"790","GSTT1",-0.0137592865590012,0.535342693334474
"791","PLA2G2A",-0.0136195415776161,0.749270982891993
"792","C17orf110",-0.0136093662066038,0.705788249627036
"793","ACTG2",0.013593251781181,0.74483870259213
"794","CYP3A7",0.0135621850572416,0.73932531812725
"795","KBTBD12",0.0135567798923512,0.755987879389898
"796","PPP1R1C",-0.0135290522630574,0.764352794020588
"797","PRG4",0.0134538201409899,0.659328905240065
"798","DCAF12L1.1",-0.0133815117303222,0.696274072612848
"799","DLL3.1",-0.0132500493165887,0.773503967307962
"800","FGF7.1",0.0132419408645159,0.729192955063921
"801","NTS",-0.0131913665186799,0.656163737873562
"802","KLK7",-0.0130126781148416,0.746881915336904
"803","IRX5.1",-0.0129909452383928,0.709498810378013
"804","EYA4",0.0129301515467002,0.733618622710245
"805","BHLHE22.1",0.012927558685279,0.759806200194055
"806","HBG1.1",0.0128254122594552,0.753722227931349
"807","SERPINA5.1",0.0127545249260052,0.71283043431315
"808","CDH18",0.0127174810533487,0.665987435464755
"809","HAS1",0.0125826172702312,0.755007718234484
"810","LINC00470.2",-0.0125803455912226,0.78015229214869
"811","MAB21L2",-0.0125202172973506,0.735430724940709
"812","SLC44A5.1",-0.0123563051298444,0.773327089447536
"813","PNMA2.2",-0.0123137222679768,0.788015497262251
"814","AKAP14",-0.0120500669181968,0.771286388817199
"815","TSPAN8",-0.0120257526419794,0.695378337604976
"816","BNC1",-0.0119739727978704,0.773445260022071
"817","CRTAC1",0.0119235812832532,0.750435331705188
"818","MUM1L1",0.0116829678138516,0.791540428991022
"819","FAM135B",-0.0116759087343527,0.762213767910377
"820","DACT2",0.0115913276230122,0.750946164029835
"821","BMP7.1",-0.0115711992594367,0.721841985750102
"822","AZGP1",0.0115696099267767,0.766460260413861
"823","C16orf89",-0.0115576369114837,0.805796330836036
"824","STMN2",0.0115501066396911,0.763077257398689
"825","C1orf186",-0.0114652985486123,0.786945928999283
"826","HOXD4",-0.011384353180249,0.808986364886766
"827","SLC3A1",-0.0113677060974299,0.782648077329653
"828","ZFP42",0.0112127477619669,0.740213300643784
"829","PRAME.1",-0.0111391012267415,0.792138635770895
"830","ODZ2",0.011090664190323,0.805889907131675
"831","CACNG6",-0.0110331499887054,0.776072422098344
"832","`MCF2L-AS1.1`",-0.0109732303811434,0.807441374476967
"833","ZBED2",-0.010969199650916,0.811518894049071
"834","`MCF2L-AS1`",-0.0109158837724372,0.815027937961785
"835","XKR4",0.010899863873951,0.803102753715994
"836","FLG.2",-0.0108985529554617,0.765183838295385
"837","LOC283174.1",0.0107589543309614,0.791785190488262
"838","APOA1",-0.010736640061179,0.774033668791538
"839","AMHR2",-0.0107265633110829,0.81177911361549
"840","GSC.1",0.0106958361751379,0.805309014084856
"841","SIAH3",0.010631363096706,0.81307095918944
"842","VGLL1",0.0106255400977259,0.790186881259911
"843","RBP4",-0.0101761647974038,0.827477890677642
"844","LOC283174",-0.0101627075582204,0.801446102713663
"845","LOC100505633",-0.010120406085133,0.796946977766022
"846","LOC401022",0.010113685394214,0.817535579560862
"847","CDHR1",-0.0100747523628226,0.832520901508582
"848","CLIC6",0.00998128605494495,0.823263512801859
"849","CDX2",-0.00989123390693373,0.82869556964487
"850","CLMP",0.00985218859072829,0.828745252299198
"851","SCN7A",0.00983809747230917,0.834872181377321
"852","GRIN2A.3",-0.00982085924670744,0.792347925068589
"853","GSC",0.00981421779045253,0.793125038516292
"854","SERPINB3",-0.00978065790679048,0.820837536855399
"855","FOSB",0.00953885527168296,0.766697734851636
"856","CRABP1",-0.00936769566714677,0.844834027676905
"857","MAGEA10",0.0090590384669302,0.791754893903983
"858","PLXNA4.2",0.00895791215402537,0.849426672188903
"859","TMC5",-0.00882126636910022,0.833588522549456
"860","CNTFR",0.00875869459931727,0.833916989075993
"861","EYA4.1",0.00870406315265061,0.798050921356073
"862","STAR",-0.00863083899680565,0.712512740769203
"863","OLFM1",-0.00862872396524469,0.851586329124354
"864","BEX1",-0.00858579140660982,0.782391763163559
"865","TMPRSS13",0.00854686114535611,0.847918659221738
"866","OBP2B",0.00853262231181609,0.83703404386192
"867","ERP27",-0.00851100784886684,0.83942226355675
"868","TCAM1P",-0.00847631221775429,0.823949554134061
"869","GATA4",0.00833805994640035,0.827009451841263
"870","ALLC",0.00824354892212956,0.856669412015766
"871","C1orf186.1",-0.00811027177685938,0.842257166702818
"872","CIDEA",0.00810000884834608,0.847370605756044
"873","AGR3",-0.00795169693271369,0.82796298245421
"874","LDLRAD1",-0.00792008904417259,0.840592276614466
"875","GJB7",-0.00783115957610714,0.857852592008146
"876","PCSK1",0.00782470760309606,0.856846242209113
"877","KREMEN2",-0.00772793793155579,0.866533591268127
"878","AQP12A",-0.00755001953746609,0.878110611773252
"879","CHL1",0.00747796096582076,0.874759384291634
"880","HOTAIRM1",-0.00717626335923947,0.872286503174124
"881","GPR110",-0.0069902820195,0.873212965150863
"882","BMP7",-0.00694895494949132,0.866150005660622
"883","LOC728763",0.00687257907170867,0.859797413584539
"884","GPR64",0.0068492470742707,0.854714428272484
"885","LOC100507642",-0.00683730442954857,0.873796323447099
"886","GJA8",0.00682731611563264,0.870781886927379
"887","GATA4.1",-0.00667327279208143,0.876142296539681
"888","SERPINA5",0.00664172180148404,0.851975856561639
"889","PCSK1.1",-0.00659060675673429,0.867034551361607
"890","PNOC",-0.00658179539375287,0.854088314207611
"891","CCBE1.1",0.00656867269392969,0.881784008682007
"892","HPGD.1",-0.00645110530623818,0.876361653012627
"893","COL17A1",-0.00643370447752684,0.891015210482838
"894","TNNT1",-0.00635456267974135,0.898185377605719
"895","LYG2",-0.00622079420940962,0.886734631065583
"896","C2orf89.1",-0.00614618286554212,0.894877335625887
"897","COLEC11",0.00593949368420491,0.855326378677364
"898","ATRNL1.2",-0.00591526562187109,0.899888111185426
"899","CCL11",0.00590272567615405,0.875652996207601
"900","OTX1",0.00585349968310725,0.866562616062913
"901","PLCXD3",0.00581980972392856,0.873317836599888
"902","NR0B1",0.00577744518965027,0.875735624461816
"903","CFTR",0.00576386135605619,0.847600308802573
"904","CT45A1",0.00565311626450649,0.810842369994748
"905","SRD5A2",-0.0056031402987242,0.898402100256486
"906","SPINK1",0.00560015454722949,0.878541681892237
"907","ALDH1A2.1",-0.00556558489298832,0.899206296275621
"908","ASTN1",-0.00556440820648975,0.896737074415731
"909","`PEG3-AS1`",-0.00552780013671711,0.888686245462419
"910","MGAT5B.1",0.00545290431995709,0.875981606237865
"911","KLK1",0.00539310340474479,0.901189571084396
"912","SFRP1.1",-0.00533928201649936,0.896158052721775
"913","CAPN8.1",-0.00516653379059241,0.914103083264141
"914","FGF1.2",0.0050930989828855,0.911501109114282
"915","LGSN",0.00503691836557158,0.865044755515883
"916","CDH6.1",-0.00503610210262944,0.90948193812352
"917","SSX4B",0.00501321764680415,0.90330988381981
"918","ERBB4.1",0.00480502390364556,0.911023188672075
"919","KRT23",-0.00475979567106882,0.908383270431854
"920","C6orf141",-0.00462079449704464,0.917480420423736
"921","PHF21B",0.00458618517378078,0.905195402140871
"922","ACTL8",0.00451336662191317,0.918909361266164
"923","CHP2",0.00450301477937255,0.895710359182533
"924","VIL1",0.00449238482683135,0.918046657669301
"925","DPYSL5",-0.00441287724339989,0.893413345055896
"926","MAGEA10.1",0.00412755510651764,0.923375667410748
"927","PGR.1",-0.00412089933589553,0.915943069519795
"928","ARSE",-0.00410256571905844,0.929453628607828
"929","VIL1.1",-0.00407229624743037,0.928693583731627
"930","SFTA2",-0.00404708583460318,0.921315511661495
"931","C20orf85.1",-0.0038901805421985,0.878941440041711
"932","MSX1",-0.00386111226915824,0.932728401025951
"933","NTRK2",-0.00382095343447198,0.934132518595226
"934","FOXD1.1",-0.00376498527486446,0.916368649155892
"935","CDH6.2",0.00366402889740554,0.933140781231861
"936","GATA5",-0.00365606573113228,0.927169834577382
"937","TNS4",0.00356422231810337,0.939137043496106
"938","AGT",-0.00350400600842421,0.936902853452668
"939","ECEL1",-0.00347791622702479,0.933761744595843
"940","TKTL1",0.00343460671265874,0.915774640163824
"941","CYP3A4",0.00338953654895701,0.929140632938117
"942","TDO2",-0.00327202028758228,0.942227183562202
"943","PLN",0.00318198149407158,0.934990526330083
"944","PAGE2",-0.00318181440660997,0.93556840508141
"945","KIF25",-0.0031108157376187,0.942077585788594
"946","ALPPL2",-0.00299727939668334,0.94427091297318
"947","C20orf85",-0.00295639869478716,0.917744630472342
"948","CDO1",0.00292924993405525,0.946776215137034
"949","PENK",0.00288745504554414,0.951218848447702
"950","CALB2",0.00282494510178693,0.939818337992611
"951","SOSTDC1",-0.00270320556072909,0.940800804136033
"952","CLDN22",0.00260529891986583,0.934833139417063
"953","THRSP",-0.00256997624216356,0.952154211894784
"954","SV2C",0.00247216082816349,0.951839736032384
"955","C7.1",0.00242759552747247,0.936706731135799
"956","FAM19A5",0.00239512493532969,0.957967432350312
"957","CNTN5.1",-0.00235160319885051,0.959324445418396
"958","SMC1B",-0.0023461774282196,0.955986481486731
"959","TFF3.3",-0.0022754779370366,0.959557192592768
"960","TFF3.1",0.00224087079006481,0.947545117743535
"961","CDH6",0.00219827680988128,0.960837563384004
"962","SCN9A",-0.00217275304912801,0.960686591854843
"963","PGM5.1",0.00214580630910542,0.960140565162417
"964","ALK",0.00213825961428333,0.96174181211895
"965","C2orf89",-0.00207512664094043,0.964461732863536
"966","SERTM1",0.0020390563928973,0.964532053729287
"967","KCNG1",0.00202175564618173,0.962571872436603
"968","BCAT1.1",0.00202032238398639,0.966211174392448
"969","HAPLN1",0.00194771552165892,0.965270605110751
"970","PON3",-0.00190925975020778,0.967756938376794
"971","DLK1",-0.00182237493793634,0.943104860020697
"972","PITX2",-0.0017567610904951,0.95807992342943
"973","WISP2",0.00165991005101094,0.969143625422323
"974","ST6GALNAC1",-0.00157850574744991,0.972377558718508
"975","FGF1.1",-0.00152084285428244,0.971956474053149
"976","TFF3",0.00144867369360959,0.967655170079817
"977","FN1.1",0.00142555071483649,0.975518192371946
"978","PEG3",0.00139312137204901,0.973041351243395
"979","CTAG1A",-0.00137918867701459,0.965951705858537
"980","LGR6",-0.00133014616831641,0.973988701686751
"981","SPOCK1",0.00130653051181098,0.975742382160939
"982","ITGBL1",-0.00117667963236469,0.977129653772549
"983","OLFM1.2",-0.00109070694502785,0.980821537947283
"984","FN1.2",-0.00106765629124299,0.981870880692962
"985","VIT",-0.000999115284373202,0.98122792153168
"986","CYP26A1",0.000987421258059445,0.982974028595765
"987","EFEMP1",0.000882095403074305,0.98417479638667
"988","DHRS2.1",0.000858100427397823,0.983842348747974
"989","SAMD11",0.000759945837745414,0.985555976991355
"990","KLK6",0.000735428154721897,0.986850535685654
"991","BCAT1",0.000677710265623164,0.987570312467181
"992","DHRS2",0.000676789892743089,0.987828573642948
"993","PRAME",-0.000586789049945653,0.988886509997686
"994","GDA.1",-0.000561977732910884,0.987159053604319
"995","SPOCD1",0.000450499615791798,0.992079092499332
"996","GDA",-0.000357541739943413,0.994426497096766
"997","CT45A5",0.000284929066665035,0.991842552133558
"998","COLEC11.1",-0.000280801022011066,0.993105462002738
"999","CTNND2",-0.000117161579460139,0.997994267538918
"1000","`ZNF295-AS1`",1.79063578703254e-05,0.999643884988756
