"","X1","X2","X3","X4","X5","X6","X7","X8","X9","X10","y","failed"
"1",0.0917839681488577,-1.04643468987898,-0.595214705395046,0.842906577427687,-0.00937324922922375,-0.0077615210039633,-0.576369964486809,-0.0580477385841147,-0.629692382726721,-0.500828343581975,40,FALSE
"2",0.180666075267781,0.912554153792214,-0.407743651337462,0.145520154958448,0.165116494739815,0.984118533316774,0.622180513600017,-0.564576888242639,0.352567769749949,-0.273310913315337,10,FALSE
"3",0.263131342168121,0.0752600745346905,-0.144649748311184,0.726795394054575,-0.0328571997857297,0.924184118121134,0.213265698082722,-0.650555766879512,0.0980872651216366,-0.293821002597768,3,TRUE
"4",-0.673369594235314,0.116891081207959,-0.0404577415954389,0.0267140207224489,-0.57703207099057,1.09711427617357,-0.28796022634785,-0.58219979445484,-0.228516161881075,0.203474694725251,3,TRUE
"5",0.143586453849121,0.0183882198876693,-0.0769846735999277,0.246601323448258,0.856684154546608,-0.0995391620850764,0.294512764016749,-0.643515852785154,0.345475436113122,-0.237907178314096,1,TRUE
"6",0.36690359771723,0.327168726867068,0.317863242802416,0.606229172108082,-1.16965007091481,0.281541380907872,0.101558232834585,0.0496148722053244,-0.194285309155516,0.616631000958303,36,TRUE
"7",-0.487946672699392,-0.0331402084131134,-0.409646424666586,-0.110031366636835,-0.911046346463738,0.121602486809033,0.455873414753025,-0.0171059141489377,-0.517251335178683,0.154803405741238,40,TRUE
"8",-0.768353356217131,0.375121699818968,0.510030191995525,0.420181347143518,-0.326606273735358,-0.357418247727559,1.0269858201218,0.0340897524445293,-0.783374297457478,-0.525671491269418,2,FALSE
"9",0.294549095112361,-0.460173658225947,0.00130194426477829,-0.459675173656496,-0.593817024189618,0.331571932578262,0.0102788378809828,0.602140629524669,-0.53835765153382,-0.393870397520489,40,FALSE
"10",-1.25163036223429,0.0133080586101606,0.000836527480780494,-0.386297867183606,0.0191509176739294,-0.137206799816149,-0.140752390008194,-1.10552775414181,0.335008478554838,0.506222886829467,1,TRUE
"11",-0.514443522900643,-0.535073261430429,-0.540601213123317,0.0259605158686859,-0.718601055195561,0.0587092396423609,0.265001281867738,0.608180901719946,-0.211556029837901,0.522441693326545,36,TRUE
"12",-0.91763896992568,0.159145612676208,0.448709226358971,-0.362802873265832,-0.0781348444562645,0.352049668746118,-0.981065023404412,-0.278438510169914,-0.424498304846406,0.922146563559931,1,TRUE
"13",-0.350448643953976,0.0700050989840551,-0.402318634761305,-0.634715975805841,-0.447334017805513,-0.670847375715746,-0.0580415413414065,-0.81492101462436,-0.00939715289728718,-0.520958500273431,40,TRUE
"14",0.839865947468525,1.30972582624441,-0.146214063767811,0.407903968418181,0.676091653217178,-0.459275282500987,-0.441947503185408,-0.373617482669794,0.193203967258189,-0.0486918741636235,1,TRUE
"15",-0.154313824513844,0.0741417769902173,-0.60294139047176,-0.442986894564927,0.393128292820819,0.0696069749324377,0.50301148155594,0.720137650066863,0.206183836841131,-0.787821946124043,36,FALSE
"16",0.598993841218707,0.877501039853169,-0.464477534030241,0.12327711125508,0.303231753440046,0.525118067196717,-0.109367397731342,-0.53598499518874,-1.01867777240271,-0.661609153123092,2,TRUE
"17",0.106954925876021,0.163024559991827,0.66899904743382,0.901745360197054,-0.536031352002045,-0.103020309327828,0.283690261447298,1.19356864948207,-0.682165183599148,-0.360815062044048,2,TRUE
"18",-0.0584615669397446,0.0681117875130305,0.168724327658454,-0.129205816565676,-0.645861692861149,-0.856064518165077,-0.638521021634853,0.0820109339073941,0.687799378223598,-0.03734240259695,40,TRUE
"19",-0.292906253584583,-0.31529607662323,0.222106338137891,0.443985426542293,-0.25229478033387,-0.693752424473153,0.128580132267632,-0.464400267784091,-0.146809297888645,-0.357186453907598,36,TRUE
"20",0.010455896272209,-0.0978815232965609,-0.301714330041793,-0.368138526514734,-0.680756058127507,0.0158019742558203,0.047273518099971,0.127094381029444,-0.37392157601085,-0.176640339336181,40,TRUE
"21",-0.19967895829744,-0.0915249798061542,0.517904891807678,0.40217095647415,-0.699853736886185,-0.790690020356797,-0.0441913713664122,-0.559094781995477,-0.796395486569799,-0.585133398842378,40,TRUE
"22",0.899719489470042,-0.597957665912976,0.841027317642386,0.442753281142298,0.705671203706243,-0.798622762382995,0.481743122425453,0.474491903762282,-0.470898851706991,-0.358416438204291,1,TRUE
"23",0.728794809991,-0.0581279862296716,-0.0133619537623193,0.757629329469354,0.000933754588714785,0.0695553385867291,0.293461062916839,-0.521580032088891,-0.0255743728326433,0.750123739061592,2,TRUE
"24",0.831792030852658,-0.0631884150173442,0.00427331877159351,0.743133481022526,-0.316930257907162,0.169644188790306,0.0941045090321967,0.787528932672341,0.269286341923436,0.246323229845371,2,TRUE
"25",0.315078681911595,0.0830979288611819,0.0221761973809545,-0.24782009169402,0.359076956443165,0.864640465984613,0.112040108497022,-0.0364931433198946,-1.26210027489542,0.806435591459964,2,TRUE
"26",0.625400304844716,-0.0561717757776414,0.353447268150424,0.404859770606094,-0.510649497009624,-0.110615518645876,-0.467460853694969,0.308619527810643,-0.35647010324454,0.239298832629783,2,TRUE
"27",-0.426793901572616,-0.42527751799237,0.203318489914058,-0.0619394330058972,0.0390044694386584,-0.423921363325646,-0.244378571594827,0.912730269305052,-0.453855752484521,-0.307986420743387,2,TRUE
"28",0.473301573147845,-0.137265495998905,0.438534930087892,-0.810888922081778,0.508923822269435,0.405329663852857,-0.417844475890409,-0.0585994237169521,0.296654364676873,-0.84782517777079,1,FALSE
"29",-0.10497665025035,-0.705797656081277,0.0850850623919929,0.720676176086945,0.515525379920038,-0.785427835281967,0.197791202201095,-0.148490442243508,-0.199804226565961,-0.122013250857173,1,TRUE
"30",1.06751138137338,-0.322408242531022,0.0661138554146118,0.169398016423743,0.292773588211423,-0.0517934397181312,0.717773591409918,-0.063693333776489,-0.796372622423667,-0.179149466744567,1,TRUE
"31",0.364698440412872,0.172116011512195,0.586138101709659,-0.833006830876163,-0.772427539815196,0.920707528928782,0.573323413373782,-0.975868991208062,-1.26802442757547,-1.10021268058136,36,TRUE
"32",0.607291174579604,-0.345681246340933,-0.562803869317454,-0.693109195223625,0.524902791981987,-0.504981944803555,-0.179386843826758,-0.479694472144982,0.61432790995976,0.0461479867442785,11,TRUE
"33",-1.05896228255023,-0.312620551042894,1.01928430981409,-0.0733521275281521,-0.667761894326649,0.126369686095025,0.29343552802195,-0.639213353239677,-0.00504219908671501,-0.444899519166032,1,FALSE
"34",-0.409360501770906,0.779541017865923,-0.654747414820577,-0.0464982104734315,-1.71898058144063,0.538699253133474,0.0795067492291935,-0.359369745480138,0.684459362456243,-0.80809740159369,40,FALSE
"35",-0.015474785391759,-0.24298976407205,0.259487826980098,0.701509675771071,-0.005426469205716,0.0731550748002665,-0.338803867113599,0.865117112050567,-0.386698102698475,0.749399561784719,2,TRUE
"36",-0.638368964917736,0.687108315877689,0.0861122681554489,-0.0351447692569657,-0.40111611647906,-0.283469704426101,0.604320423016036,-0.0220306963623473,-0.529111572563936,-0.0959881000403772,2,TRUE
"37",-0.268456221766642,0.68286426116553,0.0117725777266994,0.351146555749768,0.127002512725503,0.721666646047529,-0.895402398002467,0.107491471591133,1.26661107782912,-0.699200653312884,2,TRUE
"38",-0.202581275580824,0.171118021861021,0.169907711271473,-0.530020410484288,-0.941523694784146,-0.186241025429959,-0.685598877362164,0.353162028037276,-0.992532305405116,0.579560180084741,39,TRUE
"39",-1.43868085275948,-0.019321877966392,0.0331939939376739,0.305638617163145,-0.54686614819298,-0.0608219848544511,-0.162344523086766,0.131097684772294,-0.726324551716805,0.773977443249693,1,FALSE
"40",-0.183385618266491,0.183682342144829,0.00763495850889391,0.333693810909989,0.521317904700165,0.490476498328229,0.539750041774899,0.241421973767227,0.821748462767811,0.254724985463018,2,TRUE
"41",0.42612019483278,-0.00250642910194571,-0.105875564099253,0.69335131880685,0.784669237430336,0.340837532922984,0.7736694873993,-0.391540520175255,-0.748572409694871,-0.123949186371841,1,TRUE
"42",0.169422323725262,-0.323911755097651,-0.384124960270334,0.32790891156285,0.356637947091938,-0.426055159427982,0.0832702284116452,-0.632409956539235,0.357300292260124,1.03751793544812,10,TRUE
"43",-0.903031615607837,-0.528656280020515,-0.319033992613459,0.351522348452498,0.305596226745309,0.00777437117083712,-0.331588208229962,-0.651499436130739,-0.304807637740891,0.217579040745801,1,TRUE
"44",0.0607096990833021,0.239868100001553,1.49371475684514,0.00974255740652371,-0.034983912822393,-0.35198968654157,0.0435656787891616,1.15349247838798,-0.119530268414869,0.0759310704258102,1,TRUE
"45",-0.415517356731187,-0.00288534532480698,0.390417587309775,-0.694740613868968,-0.302175879634546,0.414195644838427,-0.321486533017699,0.734203174083648,0.370032500645712,0.927096368182965,2,TRUE
"46",0.303577063569026,-0.36182141417566,0.759782800736219,-0.295428190515022,-0.0909140471291744,0.203857991360959,-0.653684979413472,0.33743991259958,0.76585681703403,-0.96554414602839,2,TRUE
"47",0.519179215387862,-0.441148657088556,-0.0795684760460711,0.371821001839909,0.817670911845327,-0.291376466397196,0.606230396720971,0.191316504143966,-0.33674250948714,-0.150089658102091,1,TRUE
"48",0.244108314474587,-0.400069206342069,0.633434165949627,-0.679049879650848,0.237905956308538,-0.399403748637246,-0.650602150198418,1.03541018670298,-0.156221192845605,0.589209769165501,1,FALSE
"49",-0.297201538889568,-0.197023299157734,-0.0596309879334094,-0.00930686925098717,0.568947786546484,-1.57948915247937,-0.291469518909606,0.840512639008769,0.597519062393391,-0.0809009959408421,1,FALSE
"50",-0.403453418197367,0.0256139496185833,-0.488414484255649,-0.436572168066213,0.336275221920592,-0.837153814905973,-0.131728149997665,0.0254213426343008,-0.794371915471868,0.216674302798136,11,TRUE
"51",-0.639210127393103,0.134398123050581,-0.124351874189049,0.746842233406171,0.427145290292148,-0.0628970740171099,-0.212209302324828,-0.927796364409792,-0.586208863040227,-0.336480633963441,2,TRUE
"52",0.48628786303858,-0.450906116914184,0.175218100242074,-0.332797885865225,-0.314565506728518,1.27427617080524,-0.168697962720094,0.213092050947999,0.0316239615598515,0.654167713468215,36,FALSE
"53",-0.430610454866294,-0.215628642400925,0.0898641453535384,-0.511207345150741,0.318544704169772,-0.857149277376931,-0.767831123227117,0.448570884910239,0.379940248131885,0.193378017941011,1,TRUE
"54",0.735363572389542,0.97338300240012,0.232923411684783,0.572879800383175,0.105840877092199,-0.162373990209562,-1.33221956957296,0.212667349245367,0.725321072907473,0.321742481141545,1,TRUE
"55",0.150918428650496,0.482652713477222,-0.941615996459792,0.00516050812440892,-0.0114427774998323,-0.484676708827,0.534438665336914,0.337252726853969,0.567066853933822,-0.0120494548885626,40,TRUE
"56",0.0867652189225247,0.251794359244938,-0.0613928687475956,0.173623778610246,0.829407830846107,-0.0684100084854433,0.220991662190567,0.909272157848571,0.455916177720174,1.01137157288184,1,TRUE
"57",-0.646435281362069,0.81084445923032,0.807981771877889,0.585551392795098,-0.543956036355508,0.0224365350177133,1.22460356641281,-0.285004448073149,0.0705247699612809,0.381849033110828,2,TRUE
"58",-0.994788888428395,0.269698935847937,0.0461267529087597,-0.055813386146474,-0.0981158741928966,-0.731160854424965,-0.417143148748618,0.297419223753553,-0.0324681735133273,-0.239702075834361,1,TRUE
"59",-0.657726664723533,0.284349035367862,-0.792711806223345,-0.850018576070038,-0.128577797841156,1.04338593418397,-0.253297597918416,-0.659124699536016,-0.104570063218846,-0.409217738412188,40,FALSE
"60",-0.304837395403626,0.297251030777115,-0.0572871921063616,0.0338883103063264,-0.571807100402849,-0.345312869178152,0.814705561738674,-0.126447184736423,0.0900525493734275,0.744794135123516,36,TRUE
"61",0.436767437214572,-0.247519966052101,-0.262735767343979,0.428844656785292,-0.434223637297891,0.0909236922337744,-0.0793778296044704,0.804902931605471,0.918181165568257,0.917491962801326,40,TRUE
"62",0.143960846396504,0.795175347363016,0.357228842375577,0.0412481143024756,0.0318286056579975,1.26412749169824,0.144950481181678,0.563808186595763,0.473953744819381,0.555134218141684,1,TRUE
"63",0.58629471640443,0.270637266453341,-0.477866968172767,0.547740019073576,0.301084620047844,0.344226170882579,-0.530106970502119,0.292629892951129,-0.566060129793975,0.766536202725365,2,TRUE
"64",-0.52104819496402,0.903158776304681,0.000827290871439596,0.356435206100484,0.224684069144836,-0.0208230048126344,0.733711962154778,-0.0394710192972135,0.414521176792405,-0.187677775402083,11,TRUE
"65",-0.226018106134929,-1.04916719608761,0.551673664077958,0.165848470200089,1.25561796841703,0.105602478255037,-0.537616011484466,-0.0070341414646194,-0.612432064080896,0.475240494425491,1,TRUE
"66",-0.302003267261134,0.298126684188977,-0.376681257456829,0.222911272804229,1.26829073576375,-0.413034313561485,-0.325959690656746,-0.323188654374972,0.850064013943837,-0.0680594808404868,1,TRUE
"67",0.421711932419451,-0.534380264546598,0.5831103887695,0.302774807660942,-0.118106283508294,-1.09544905474571,-0.858376679288013,0.380498677708174,-0.220676743531254,0.20522654692223,3,TRUE
"68",0.16491918669671,0.00289018304442865,-0.0962738137181961,0.401108956091981,-0.639682166173853,0.0335783606800421,-0.628615936202987,-0.472610355985255,-0.276585954755461,0.202913945617409,40,TRUE
"69",0.240164697940051,0.483810538925408,0.248219403854192,-0.750275943437595,0.480716841536536,-0.388353365436328,-0.13191068331713,-0.0581948821039741,-0.392780971609327,-0.588310231811452,1,FALSE
"70",-0.00926834234057478,0.3892376879806,-0.565759240016474,-0.272697176271872,-0.272028086432013,-0.0379788779261547,-0.223629387606187,-0.24254156305558,-0.0841377301686168,0.410921798325346,40,TRUE
"71",0.124467608493379,0.167857283187854,-0.571519963316105,0.568622959608365,-0.193607502150638,0.074342941538445,-0.140171207023541,-0.0452190006032376,-0.27524907366068,0.877210817107888,40,FALSE
"72",0.0669588506649583,0.877701995823921,0.319227590469406,-0.0458498516534392,0.462274694374112,0.0436567379668607,-0.494843957726344,-0.493402477994247,-0.442419870500727,-0.936162767128543,1,TRUE
"73",-0.637222972064263,0.570859270159055,0.172864023463084,-0.204709097363764,0.349940888083834,-0.477194427234935,0.178759253925022,-0.225568330275634,0.121495686164833,0.533106587214719,2,FALSE
"74",-0.603071673198758,-0.0546485641819433,0.385443808683955,-0.674387066262428,-0.195343063195735,-0.136083843826043,-0.418851034996229,-0.879226853084306,-0.142666182433554,0.309159210277279,2,FALSE
"75",0.39430165774,-1.17088763022915,-0.496220182805762,1.10282915647771,-0.608671001037769,0.462204990442008,0.0340231130235985,0.274757639809431,0.0752486295177769,0.890739879488268,40,TRUE
"76",-0.579208649919728,-0.317851111606343,-0.110869631093624,-0.0950932077744145,0.779078887671662,-0.251059312963966,-0.598743827102162,1.18841251790366,-0.658105369804968,0.289233441803941,1,TRUE
"77",0.407899779957716,-0.241461943725391,0.4713963755445,-0.199242442725411,0.330850907596185,0.133474829299267,-0.195837651386289,-0.31183578805682,-0.0608732774522596,0.417300441418799,1,TRUE
"78",0.371309584384545,-0.138950066799846,0.00515687296269852,-0.349885101329464,0.733032133065357,-0.384191065105532,-0.509843821129455,-0.339224372551029,-0.867935073584989,0.664284534466396,1,TRUE
"79",-0.0462184072003577,0.1094984473199,0.385670634340336,-0.277435787946081,0.382634044721495,-1.35646770955377,0.0294255827288417,0.0380921707136009,0.27818460284151,0.519205832865636,1,FALSE
"80",-0.543265734286788,0.00309952977247203,-0.284525729146305,0.701307374657435,-0.812475702603511,0.994991883341867,-0.832965035151653,0.131622237035019,-0.288963041096028,1.19575855677688,40,TRUE
"81",0.0462743345136066,0.35145840015745,0.0700853463014202,-0.0949647556086411,0.61868503098272,0.726481629675725,0.57379128019413,-0.0396412691626653,-0.992214784069681,-0.529076471406278,1,TRUE
"82",-0.109862270175597,-0.248570108736139,-0.703196077068204,0.647523943245131,-0.309486479082329,-0.1357429372026,-0.163366920745137,-0.376393754592215,-0.106598697901982,-0.654257260428365,40,TRUE
"83",0.559956849744949,-0.029562515583438,0.641720000656865,0.0850100631813926,-0.14288421431887,-0.408909212016626,0.134161845546317,1.09010539457983,-0.352191049443272,-0.501901300556032,1,TRUE
"84",0.479464256353949,0.522971239940749,0.0325715666017506,0.256412887373868,0.543877367629985,-0.0680116656542882,0.656134335012621,-0.0933124837374208,-0.0955970764522272,0.127909676688102,1,TRUE
"85",-0.198276547842653,0.568488805443372,0.289308479562516,0.0719424999462352,0.481661116371646,1.15566904177749,0.0276987555404775,-0.840277887633227,-0.304704242507277,0.577118488063089,1,TRUE
"86",0.571240120904884,-0.541054525133724,-0.00868957299312031,0.614127497665907,0.158754607473562,0.112022604483073,0.0694856159980057,-0.426366525262283,0.106039389000143,-0.400452264157374,3,FALSE
"87",0.233684179079043,-0.481700481978824,0.268936560780943,-0.75721591800096,0.565690263872923,0.0399053078282276,0.331483043831305,0.194583951233402,-0.014818837300308,0.0140838789750725,2,TRUE
"88",0.0539924654840283,-0.0351419040894684,-0.465907353480024,-0.242356364039256,0.507798921697916,-0.731859987847082,-0.69419197407441,-0.00364472812690159,0.326434770705996,-0.965173846093679,39,FALSE
"89",-0.171203490392058,0.442150205853924,-0.456245147085356,-0.0215563657916048,-0.995832038111261,0.926121905629448,-0.383425530253192,-0.983267615178608,0.784651846725842,-0.192503156390508,40,TRUE
"90",-0.00974893770850298,-0.353310026250896,0.210522507306221,-0.564809837826516,-0.508043457915864,0.23734752769191,-0.557292446401275,0.127060212710581,-0.443911666955553,-0.112335891911612,40,TRUE
"91",0.0188985259800601,-0.00402141718490361,-0.251131935580709,-0.00420605438694258,-0.596455346584668,-0.197781898750187,-0.235470272930754,0.471704184309221,1.09223330274261,-0.750182131702265,36,TRUE
"92",-0.783078120826597,0.300920574323241,-0.805757288393347,-0.699920030379584,-0.55994273896516,0.161321452338756,0.829279465108641,-0.288075380640208,0.535993827539436,-0.15393936757416,40,FALSE
"93",-0.458919697215772,0.55417455737246,0.193637254886,0.34281934472481,0.520486564847396,0.316100525999235,0.349603168316114,0.747203631022188,-0.158078277000712,-0.620036139221095,1,TRUE
"94",1.05677048274715,0.142167629622708,-0.470515567644508,-0.0202838794940067,0.108655877648954,0.188911398915424,0.758584048967068,-0.708849287188485,0.223518086038778,-0.300432051228284,1,TRUE
"95",0.364045088893401,-0.111629010800061,-0.384272972946406,-0.813552294002773,-0.236876558793327,0.0292896553753077,-0.382334761739165,-0.900316939592223,-0.866212841815745,0.141040451708202,40,TRUE
"96",-1.59454233153189,-0.828742736828294,-0.422664188141784,-0.634734000659165,0.134625881748534,0.135902706325912,0.18609606757261,-1.05299481166737,-0.0498192811148758,-0.101032361364698,1,FALSE
"97",0.0931047691739846,0.499571418856403,-0.387854023394057,-0.548789204375691,0.266861722148124,-0.511139181657557,-0.567611017253314,-0.273460832327774,0.697077211990622,-0.809589912779097,36,FALSE
"98",0.110595578705141,0.542329950753429,-0.818708711753307,-0.508627467651213,-0.16512862850145,-0.0364225999270699,0.403980562941378,-0.310763250277287,0.13727572378838,0.507943563721807,40,FALSE
"99",-0.643578553547333,-0.436009698687651,-1.25641564664205,0.0509869624051889,0.172598933861923,0.399492376486498,-0.45110345796979,-0.137313815147218,-0.269122428514155,-0.391748114578441,10,FALSE
"100",-0.856151068075272,0.399967337907888,-0.017861569965157,0.0357034369320524,0.512981463856519,0.00572211752274996,-0.082143697719959,-0.481305809351283,0.400267551694707,0.392577953516406,1,TRUE
"101",-0.201505677289776,0.642772139131035,1.14225344816008,0.506394266717736,-0.408208526390211,-0.13068067534108,0.181207893022125,0.0390759890319757,-0.331448050801348,0.371505321190659,1,TRUE
"102",0.957686529756727,0.451243209435877,-0.462792457301564,-0.0974890051665353,0.13040893592071,0.0733834966166426,-0.215015943518866,0.426328543911895,0.873752927549478,0.553423684203832,1,TRUE
"103",1.06840061009723,-0.00220340700442853,0.541828772052889,-0.281959626446948,0.403961377822476,-0.0359416955585808,-0.504242662787624,-0.258461835498835,0.718346412386038,0.0755499047347166,1,TRUE
"104",0.317157542433598,0.170974003654702,-0.280127803631653,0.54098734539409,0.389960615400617,0.24128807000111,-0.801834570884048,-0.471212553365042,0.122204719817485,-0.144933953381905,2,TRUE
"105",0.17846483636174,0.132234558124121,-0.318922618020121,0.0664568507887936,-0.042238629865988,0.0218417984537392,0.417730344791613,0.413770084934922,0.476449874682198,-0.290360094719262,11,TRUE
"106",-0.669596944719226,0.0693042931608755,-0.527375803156562,0.614973652460902,-0.63132936304739,-0.136426705584917,0.181052981684631,-0.206063438029352,0.402365758928157,-0.170820756498311,40,FALSE
"107",-0.0523374051575,-0.51034473294284,-0.68781235556964,-0.322623156715433,0.33407552288048,0.150717660962186,0.93684446802719,0.0809987263722341,0.200260064242318,-0.398437766000203,11,TRUE
"108",0.389449077173686,0.292047519935766,0.367423482174884,0.0231990674445656,0.201700564398492,0.107148368384526,-0.538506070648977,0.0331180933082317,-1.02937217643973,-0.634448574949515,2,TRUE
"109",-0.444950870311715,-0.791406386478793,-0.769366469399553,0.360084904556792,0.342440977233971,-0.752831744316099,0.103326695118253,-0.915747879524031,-0.0945883142096961,-0.135261004491428,36,TRUE
"110",0.0999465296043762,-0.102667718314618,0.304689228759599,-0.0740136741543666,-0.338425959726438,0.308561454471808,0.546938586694383,0.277486038795197,-1.26781051186006,-1.00682595118096,36,FALSE
"111",-0.354119528476372,0.144089088566762,0.108049774993585,-0.0913416485389519,-0.205297326215484,-0.0668062099480224,-0.152068513876064,-0.188751623029299,0.184885406592525,-0.902839468791343,2,TRUE
"112",0.523877689997416,0.396574098770624,0.00972652248914748,-0.152102083242263,-0.891490234849748,-0.628515187673211,0.0414019228485042,-0.266313648861601,0.395257160596515,-1.09377589751905,40,TRUE
"113",-0.0989288217255859,-0.0446017189825164,-0.206259691103158,0.388361832658208,-0.0925437778708766,-0.0910389953002183,0.361129101412305,-0.441262979986993,-0.245817908220158,0.00496558787932311,37,FALSE
"114",-0.406106316034049,0.0579904929778288,-0.174093764537959,0.413389264947727,-0.600185052866243,0.578949672351648,0.29830202728977,0.507239836470528,1.3305583052136,-1.01458711141405,38,TRUE
"115",-0.208274636578754,0.249326429431031,-0.616329244506569,-0.0887706016617363,-0.184496300475292,0.0483114760289426,-0.309294234752703,-0.647219477456793,0.366294543180271,0.974094031233323,40,TRUE
"116",-0.839954950443484,-0.77014345398832,0.200838266115491,0.955496038873085,0.0111706267634124,-0.794444462142384,-0.731669946390948,-0.143714265117529,-0.0410249035606604,0.0685193335834496,1,TRUE
"117",0.245980037000689,0.503690534400019,0.130452468963724,0.499211581603755,-0.617298652993906,-1.01215393745451,0.145319381447678,-0.426173340764495,0.752353546030413,1.10320833174683,3,TRUE
"118",-0.0120275875479034,0.262358115213053,-0.562791229077585,0.356288614625891,0.238777923777935,-0.216217279716159,0.035556477143418,-0.0522380601328965,-0.84517788640717,-0.0728493460114851,39,TRUE
"119",-0.447027540922887,0.748899540843705,-0.388812537326997,-0.0495560597339116,0.0869294856352938,0.529708545086588,-0.267548915957161,0.0110571672714135,0.620556472863706,0.478192680362938,36,TRUE
"120",0.397094945521586,0.834410095948602,-1.05840752142996,0.0108707271840034,0.0919966261584141,-0.412497169144665,0.155519712719552,0.516636471298429,-0.0193972456340528,0.73058824532796,36,TRUE
"121",-0.114061539123071,0.687599901292962,0.0336208941356863,-0.828566871956941,0.517606446698029,-0.573764795217327,0.183243431402385,-0.101406619806805,0.118164071039883,0.275501107628438,2,TRUE
"122",-0.0443469202009681,0.129216954705204,-1.12906300208134,0.332520035194801,0.238542704094138,-0.499673247737523,0.108532847652869,-0.235641995222309,-0.486225913272271,0.226274172554507,40,FALSE
"123",-0.432077800894926,0.206491887573587,0.31275439333026,0.0922916001609574,-0.568710844222242,1.06823681516509,-0.132941482889449,-0.338092690358929,-0.452179389700938,-0.75577977656013,11,TRUE
"124",0.174684376062099,0.348779796226377,0.296069616879833,-0.162759759404106,0.681093208007565,-0.382627803828738,-0.362713050414938,-0.981405849121249,0.330047297334357,-0.553414930691279,1,TRUE
"125",0.434217271940759,0.545112495488311,0.296127962477988,0.239882888009286,-0.542503074096812,-0.86024558389288,0.0857659114986217,0.566416227011937,-0.677881367056649,-1.74535406118166,3,TRUE
"126",0.218004902883291,-0.225257110014858,0.434828937344659,-1.25079985521134,0.184560950787092,0.134528093942094,0.146806307236462,-0.0343013176132259,-0.3574861205279,-1.06480514138028,2,FALSE
"127",-0.613590049024411,0.389155538910839,1.1741903437354,0.0281791315263479,0.481716015172175,-0.170066341611943,0.0209695674347957,0.186643547347583,0.0439562553693863,0.801465789569777,1,TRUE
"128",1.25738707291463,-0.457099263710241,-0.00358952605893215,-0.227160389320636,-0.29475794866459,-0.529543645919408,0.0947717491126356,0.46185453951683,-0.0368399797364502,0.0180632295824601,2,TRUE
"129",0.269266763884406,0.548738340414304,-0.0513581120526452,-0.588918166394503,0.138532282008184,-0.515154581283777,0.625794134845225,-0.560338743399043,0.710527086046339,0.428348980569574,11,TRUE
"130",0.243570502365554,-1.12810898171555,-0.0960690413449711,0.568909926878387,-0.722022144797619,0.847009184026413,-0.238497529636876,-0.191982673814573,-0.84031206541981,0.424927291296895,40,FALSE
"131",0.112836510216637,0.967852414629404,-0.169504516638885,-0.102761429451097,-0.644157715632267,0.292303857842211,0.286952722512396,-0.140202984052086,0.410949551255527,0.450904510460556,39,TRUE
"132",-0.280067666887264,-0.232413968602559,0.555380943254707,-1.04112083391284,0.303260478602903,0.416794830494684,0.297745027566351,0.28247429629827,0.463683098996864,0.218588089797734,1,FALSE
"133",-0.0675259157182469,0.432282733623194,0.478690634767694,-0.483943513353013,0.513160408384005,-0.19733424223452,0.705550043849411,0.749352604334774,0.437261225842193,-0.689338394508442,1,TRUE
"134",0.62368534103774,0.00796478533104224,0.0330658251492394,-0.584370189864246,0.0380712322474238,-0.0465399731842931,0.264973932725997,-0.470834659963635,0.0774709213287545,0.0609148380298622,2,TRUE
"135",0.136231105094873,-0.451710588202945,0.283880526428701,0.182390646232434,-0.369784972012292,-0.50394643626365,0.096967225056232,-0.380634444953321,0.268218074648209,0.0296175921710707,3,TRUE
"136",0.345166380355326,0.379690724495552,0.213685235616118,-0.865374051797874,-0.00282129598348361,-0.759698156312075,-0.543435939677046,0.251930168873157,0.584607904199449,0.447037898655182,2,FALSE
"137",-0.268802472603112,0.167944639275113,0.525671165082986,-0.303175221245729,0.737183809705375,0.243541396432141,-0.316858227562665,0.374482946145322,-0.552977491431545,-0.106020621666699,1,TRUE
"138",0.353143959751704,0.182509087493815,0.644715614629032,-0.916852478135538,0.0828081899123119,-0.167196838083345,1.11909555876945,0.773419751337953,0.00973759351749422,-0.485715558270462,1,TRUE
"139",-0.129838611471006,-0.37740469219163,0.440924523133767,-0.39460224679387,0.376710412533397,0.395529193691812,0.296604875127862,0.637503533000569,0.787727549242404,0.813943547678068,1,TRUE
"140",-0.118414884299616,-0.135093938538109,0.0932304157469253,0.261491549556273,0.381120679173868,-0.623253107834972,0.13346126428708,0.152253509127474,0.220273797325504,-0.137575301820334,1,TRUE
"141",-0.389416428075788,0.322249687439685,-0.00994757770006063,-0.442539324238805,-0.781209147602074,0.979671298712759,-0.439881780106806,-0.114097586792764,0.0423554445821016,-0.179902677435486,40,FALSE
"142",0.297849478195613,-0.173199140246392,0.199345226306554,0.530795728415528,0.4955826618031,-0.127390630562041,-0.35965965802308,0.173687849446587,-0.311881505258702,-1.35150669007456,1,TRUE
"143",0.940167231009662,0.48148707217125,0.229604336203604,0.739748024729421,0.664568378785762,0.0645005945842702,-0.0157058844711519,-0.630065186828566,0.404276284629647,0.303408723435034,1,TRUE
"144",-0.563494494642735,-0.562614477791084,-0.503238864952332,-0.0842754085448493,0.850218608202715,-0.069123074658373,-0.549841794993024,0.279768597640049,0.41073337995823,-0.0565066881838394,1,TRUE
"145",0.516118571593226,0.0749927913466478,0.485221483897305,-0.923703718070684,-1.04181651827452,0.540367253931052,-0.792179945551992,0.342156274816928,0.485050857057063,0.0747013360154841,37,TRUE
"146",0.0463166011410152,0.0582680758370186,-0.261724183876996,0.0328649330058002,0.589891344799185,0.185621526153723,-0.194899920802189,-0.256157469644738,0.22248081481464,0.146052784882083,3,FALSE
"147",0.257133200371187,0.149358445582646,0.340905176518866,0.471190312840799,0.0509299768822869,-0.449838734833269,0.00358630715890392,-0.493783952926922,0.552904369577168,-1.1927375545691,1,TRUE
"148",-0.454074098849044,0.0252439984807196,-0.0480767313610516,0.276545470019486,0.213526705539922,0.516727136409247,-0.889062234241277,-0.837171631237912,0.121411082757643,-0.198777818767788,2,TRUE
"149",-0.542270752339591,0.522461612263147,0.178916346724054,0.191716198229723,-0.453931857900498,-0.114197104835372,0.31466780932928,-1.05196403244449,0.390949303582623,0.614602899487655,39,TRUE
"150",0.102478077386164,-0.348127456605208,0.422484864565785,0.761667669791708,-0.45364330589093,-0.0624082756044521,-0.00424720316675977,0.37576792511893,0.544842051549302,-0.156432635985449,3,TRUE
"151",-0.568438676079628,0.0470886933603439,0.497003454497244,0.414245486865874,-0.37354292968435,0.199681962246899,0.729456525301983,-0.264713547171385,0.374349032048901,0.717447992124267,2,TRUE
"152",0.106857620734508,-0.372378527504972,-0.354798647665687,0.0945986749232457,0.012427647808526,0.00158358026835173,-0.749989499643738,-0.057862849995293,0.241802862232742,-0.621386082864139,11,TRUE
"153",0.416037096378606,0.70042968599586,0.0869064067895145,-0.272264698601243,-0.522496934875801,-0.819822979844158,0.294563042613793,-0.248294538254866,-0.476466706289529,-0.226690683892725,36,TRUE
"154",-0.406524060736804,-0.855748609080626,0.00305436208178259,0.202638204781133,0.0630583921532409,-0.462654742671814,-0.944718386013393,-0.495586786003724,-0.0606861722298124,-0.16437683674279,1,TRUE
"155",0.0646387230005586,-0.430644961694417,0.384849645939246,-0.276478490221042,-0.586813221788915,0.390806605356332,-0.185408548067916,0.484030259510885,-0.331277000569657,-0.3252564320694,10,TRUE
"156",0.0951884543667449,0.176141214718545,-0.123264487967314,-0.430940192978812,-0.222512502087098,0.499778545800833,1.2315578983658,-0.371668240101134,0.323527583151099,-0.626219090040682,36,TRUE
"157",0.645809467219281,-0.424787228003672,-0.0600560948129942,0.00145722941364752,-0.848944372217442,-0.283500940594542,1.0674508623185,0.0659545065637774,-0.388436298656883,0.752472470872289,36,TRUE
"158",-0.226878796919555,-0.0442156830915764,-0.321916468551079,0.533804062044298,0.377104892209668,-0.516863919492526,-0.140063593373316,0.425550450628164,0.54990527887106,-0.392029066528887,36,TRUE
"159",-0.520369942013775,-0.254068698797156,-0.156249282019876,-0.422677047199,-0.284931481787685,-0.0403657915156982,-0.0142717573497437,0.0154782988780657,-0.120525015156677,-0.190776170673249,36,TRUE
"160",-0.139074833010317,-0.417047078131223,0.00117146138342026,0.588979804021004,-0.13075073654643,0.410798383985081,0.13516113554457,-0.216069561347593,-0.190909613419239,-0.406469471627001,36,TRUE
"161",0.0643599963227117,0.346891950310362,-0.144059451037437,-0.828284649923469,-0.282576343293873,-1.11768464179134,-0.44116443080496,-1.23498326673674,-0.399631360992082,-0.944428909431506,40,TRUE
"162",-0.18479603027754,-0.041738956320013,-0.147820340936062,-0.227720919976018,-0.413762550591642,-0.991203077537605,0.19554944000149,0.446130513105696,-0.480934698835118,0.633888546890981,40,FALSE
"163",0.899644478774494,-0.665245990766966,-0.664518555415528,-0.399994824130812,0.401871129223382,0.379736360202165,0.514498387678074,-0.233312877180574,-0.46036985295663,-0.82624772937184,36,TRUE
"164",-0.330415738087885,0.0666595395333683,-0.374099018780732,-0.133008259668356,0.0383510788912834,0.384732907016462,0.0612845100152826,0.487507125688703,-0.0111471643762041,0.204723097566353,3,TRUE
"165",0.107904287760224,-0.298372859934612,0.0403586983903547,0.139536247486887,-0.675188447668492,-0.16015219095181,0.048187739850104,-0.470922798328317,-0.0146383879807034,0.205838159582021,36,TRUE
"166",-0.476212622534745,0.3137506096971,-0.386781204572878,0.500925276338994,-0.326900478461991,-0.0693932833490446,0.375779399742075,0.37808994250436,-0.872028977668521,0.0840462432488803,40,TRUE
"167",0.0732071089621877,0.917100806988242,0.901437827632915,0.282256684287301,-0.475236336930178,-0.0973504106936377,-0.323449559722377,0.204133419424604,0.227469185215723,-0.0646828787928892,2,TRUE
"168",-0.196735474115131,-0.856576689109295,1.42773913378651,-0.516271019382765,-1.27173773463896,-0.140233900817263,0.301257602463307,0.116734041949172,-0.493912898934692,0.00546984732236406,3,TRUE
"169",-0.398209396754726,0.0777457560306637,-0.405358536549229,-0.509657537531556,0.0889806044438293,0.378495974657047,0.0504193644699974,0.124135344199241,-0.0560327218526506,0.0199034471147084,36,TRUE
"170",-0.557402297465402,0.861024652079576,-0.19086323956978,-0.703171529079388,0.573801198722232,-1.20806267537441,0.752574832300743,0.604369855487883,-0.604742418269349,-0.130561214929624,3,TRUE
"171",-0.23473409483938,0.150715310886892,0.695371083484923,-0.25128199739623,0.686644388439953,0.428038323849342,0.156460741072921,-0.273423634755508,0.578634284196148,-0.737684573906152,1,TRUE
"172",0.377223249006975,0.0592312290609078,-0.230167269916081,-0.773691889646632,0.0750287898752783,-0.396849348643976,-0.23737404294032,-0.756789314608111,-1.05206899404975,0.155229138108869,2,TRUE
"173",-0.936359224401763,0.16579126338921,-0.33547575365445,0.377938876184671,0.252063833972591,-0.379554017632642,-1.10154626398967,-0.0677507073126977,-0.26650662473334,0.217599492102691,2,TRUE
"174",-0.152108770571901,-0.24839956535727,0.0223045570361341,0.020924276075288,-0.344472132670892,-1.11700126599664,-0.340505467816115,-0.204134578530063,-1.10324631833577,0.516147878498931,11,TRUE
"175",0.96285751123893,0.153893347623897,0.132260287731226,-1.1091321739982,-0.961558329043693,0.116911267322818,-0.0252047569127683,0.00643378022333988,0.213143580827865,-0.159003949888511,5,TRUE
"176",-0.0135253716490061,-0.774160251155403,-0.0494435092212984,-0.33176671587391,-0.357055804628751,-0.192109213269898,-1.16148476992812,0.204234569022875,0.509730681311426,0.08230011316433,40,TRUE
"177",-1.07133707066871,-0.00705957224321061,-0.282192433251923,0.334356076295236,-0.861997246573842,0.338034909263841,-0.609098015390934,0.0956391937808714,0.561394792960585,0.0945545681335433,36,TRUE
"178",0.052743809904516,-1.02331796451955,-0.504661792561981,0.19200856776242,-0.550618535972729,0.175114658982493,-0.718372913887612,0.500325212752023,0.46216566769634,-0.487177033328047,40,TRUE
"179",-0.270137091902699,0.659076600916697,0.524938464315195,-0.203291378241501,-0.328337806409359,-0.332391731268658,0.171880471565579,0.253449966119072,-0.394726228860741,0.274456613946047,3,TRUE
"180",-0.870148397269613,-0.309666881209036,1.03606676210269,0.156496229362869,-0.217248702852595,-0.617975708444354,-0.436022766121394,0.438142425833155,0.447487865049244,0.993730894220784,1,FALSE
"181",-0.780039774925235,1.17570021542431,0.106673682122189,0.0854650608480726,-0.401073788804207,1.07010987169774,0.482680485521998,-0.22919671420058,0.446198645567823,-0.108257380792129,40,FALSE
"182",-0.094825432486864,-0.695642976064584,0.651636836790013,0.038843688874906,-0.985579191108803,0.0814525755020551,-0.442567899055992,-0.0802447302049167,0.864454788194212,-0.885293737722399,36,TRUE
"183",0.323382723727771,0.511216840992994,0.696433730106438,-0.0483390833157069,0.309221033282942,-0.88589601476523,0.508924844747151,0.152916856208283,1.41901510375683,-0.029398429132056,1,FALSE
"184",-0.359590490603359,0.745591617513109,0.0273979589295721,1.39731660907449,-0.821224829213155,-0.246587448600516,-0.106751668810272,-0.354607116385865,-0.422557925347922,-0.161977893671371,40,FALSE
"185",-0.347477766997621,-0.249768336846642,-0.224452400634695,-0.109834606021173,0.641476166850427,0.272422254741239,-0.487501983037281,0.327208550401164,-0.422916441455627,0.259298689130346,2,TRUE
"186",0.0480416386097704,0.704191258382514,-0.591194955732969,-1.00312148783186,-0.960284471865794,-0.732498034928499,-1.0062709159829,0.717442633155141,-0.21703213214703,0.463491276979814,40,TRUE
"187",-0.343909315101484,-0.401006652716291,-0.85781616272924,0.0124990783168043,0.497738993765756,0.897661281427331,-0.483556664793897,-0.0927826098360985,-0.104854159579181,-0.474333980882723,36,TRUE
"188",0.18418447335357,-0.819599204164445,0.0696831815310654,0.582248066134046,0.773645738005657,0.142798982589742,-0.0278106243701681,-0.909739846405481,-0.131497777734618,0.104768418159594,1,TRUE
"189",-0.455259673397472,0.235998228838294,0.408347769086123,0.29262424588949,-0.490028446311504,-0.784934672830267,-0.176493992990572,0.409033107698602,0.719379361315284,0.216951833494669,36,TRUE
"190",0.0175290881317273,-0.816327052048511,-0.95941690417926,-0.199801732025713,-0.217560613972897,-0.676114253426532,-0.0854044392733746,-0.257058080956909,-0.730703124687302,0.482101617180379,40,TRUE
"191",-0.14209053830419,0.0564761315510905,0.277212883218724,-0.472136602744779,0.300319333930095,-0.019627935501102,0.00780267924804251,-0.0819188512192299,0.698694183641558,-0.459828069810263,2,TRUE
"192",-0.0268967752097258,-0.0800669960703566,0.480429703615966,-0.772157678388851,-1.25426939859736,0.124821315584202,0.468771126499711,0.505436041336626,0.453274594918825,0.262333269619187,40,TRUE
"193",-0.0375692791644569,0.561090572345546,-1.21038513430632,0.634726774399382,-0.0547506062836753,0.493050601385561,1.20477964706482,-0.160827890607034,0.650924116404389,-0.454772550095164,40,TRUE
"194",0.158520259022857,-0.486737234905435,0.384461937849449,1.16048182909096,-0.35874687718394,-0.218801113522536,0.344974002328504,-0.107432758017656,0.469011230262849,-0.710453792815294,11,FALSE
"195",0.0596803307454653,-0.241941040924775,0.320581404893538,-0.030581906935633,-0.0896765017949252,0.60237070853277,0.128159825663055,-0.511241074154461,0.00240264321706528,-0.453703831237046,11,TRUE
"196",0.135595087505781,-0.0594093158227516,0.537086735659766,0.390257140941346,-0.0851666904552045,0.22374865024424,0.589801719862672,0.115159988430688,0.167111472980327,-0.289686400368887,1,TRUE
"197",0.342776656202936,0.113650826570327,0.0902719367226228,-0.413022661695129,-0.814974862562779,1.25848454306487,0.358409678921404,-1.05960190931271,1.07384151537207,0.405716814565973,36,TRUE
"198",-0.225365155621882,-0.00250528094710063,-0.386488880366799,-0.587430031657773,-1.15450797298536,0.0882332709844606,-0.0240766778416021,0.758405174545918,0.653472844693842,0.295167597043246,40,TRUE
"199",-0.0121132600429424,0.250213495090798,0.215766167629392,-0.216647598500494,1.42389796609184,-0.935523758340239,-0.820618363253732,-0.0470546860211427,0.0856310060305681,1.09235409128842,1,TRUE
"200",0.116148049527957,0.32380029708013,-0.655890919449356,0.0508967256217104,-0.751600741371669,0.495002304687662,0.257387092355029,0.0512309344151556,-0.174002691133114,0.947954086967928,40,TRUE
"201",1.17689861032706,-0.00743585160140604,-0.427065021310613,-0.459800113430734,0.0859595387277554,-0.229839945088626,-0.138234310988556,0.201643200960239,-0.366802910596701,-0.070799545626465,1,FALSE
"202",0.247524354928351,-0.488306945120067,0.429995034338321,-0.782629288133478,0.742683480144399,-0.603979889777316,1.14063804535294,-0.65741453596338,0.741375691469182,0.0852752582578913,1,TRUE
"203",0.298714263164353,-0.0496893732488067,0.303672056285004,0.245142113127899,-0.284917571309735,0.576387256149006,0.402046285368163,-0.137318606777012,-0.689449056541581,-0.754093797706971,3,TRUE
"204",-0.537472972678375,0.168986352658768,0.386590381184835,-0.273500191188715,0.713381117364984,0.287944364416186,0.0583319065320903,0.837965717898884,0.0879857879978627,0.398886258804352,1,TRUE
"205",-0.738870442852666,-0.215143679149074,-0.12918421133734,-0.315170258668074,0.672197755623212,-0.318578389873901,0.512146060425758,-0.0633141392629998,-0.140383649520541,0.959702672728943,1,FALSE
"206",0.841144110960594,-0.53577026486225,-0.0876101363843238,0.0468399357665798,-1.04472808408852,-0.0783442502137185,0.261768516636203,-0.587116449897234,-0.326612538891738,0.864639717984094,40,TRUE
"207",-0.093490749698332,0.598762841148554,0.141439575461002,0.399827357950683,0.711129614169456,-0.195564104954133,-0.957086519337907,0.169956106098689,-0.156998951441693,0.224618405245108,1,TRUE
"208",0.686672913953295,0.147465359139908,-0.292708451152969,0.492004101657475,0.135378351765794,0.018048222718592,-0.567522324828795,-0.428995544813319,-0.599867513060122,-0.242608248689754,10,TRUE
"209",0.615595876831445,0.0315545203915664,-0.168038357422767,0.558276762003242,-0.168684499568693,-0.666366437786228,-0.282534681212299,0.220585915305247,-0.386925469055465,-0.357525589630066,36,TRUE
"210",0.0315250564286505,0.206098626401698,0.63120676269489,-0.138487157962415,0.807618850281309,-0.0548301491814862,0.282090877823448,-0.161220558815288,-0.298581721960596,0.638579606626602,1,TRUE
"211",0.542638073299234,-0.0306576543878768,-0.546185019303297,0.176024905884361,-0.565998131727381,0.437650768332879,-0.495134226437131,-0.391004775466894,-0.0707976875108709,-0.017277881895694,38,TRUE
"212",0.626302890961452,-0.0565675140332769,-0.425280701447767,0.144398914738943,0.401765524827763,0.272424703722026,0.285942600136336,0.775289556548406,-0.54284042950106,-0.110108970821064,2,TRUE
"213",0.154585527784717,0.845152097661423,0.0491041343900892,-0.465119085579195,-0.0290636123074874,-0.249988443876246,-0.326017315171736,-0.367338930161219,-0.474570286330733,-0.653584894781829,2,FALSE
"214",0.830806526802836,0.752023271045802,0.0261056866328042,0.208185639367564,-0.281838641933048,0.143431815189447,0.234370226046106,0.0978439105028004,0.392064375604032,-0.39014433508848,1,TRUE
"215",0.654028241199244,0.178707285306666,-0.273594036703319,-0.32336645579155,-0.258196464383539,0.233591471492794,-0.663268387500542,-0.7141982230235,0.574611211622201,-0.418186687904551,11,TRUE
"216",0.155774269383011,-0.438265666072253,0.230838107822977,0.48316580945942,-0.667941090150176,-0.529311536493249,-0.356337382607666,0.230114474484159,0.161465981628793,0.0417922533099814,38,TRUE
"217",-0.598056065646322,0.852955416892408,-0.118616660949649,-0.00950389148286507,-0.557407328079788,0.0839912451039909,0.00595003415197099,1.11860000671691,-0.233989593620395,-0.42268611665102,40,TRUE
"218",0.421637271490937,-0.00643309191628056,-0.60932711524572,0.324010533497796,0.325790133322328,-0.225455006944046,-0.00121122791028864,0.446459655011476,-0.207086594090075,0.415937855249041,3,TRUE
"219",-0.569117563363252,-0.329459113603698,0.526823167182919,1.07810332507531,0.723646709961562,-0.488261664674694,-0.46019258471683,-1.1524946543868,-0.0760291068992303,0.595465342976007,1,TRUE
"220",0.655135081535512,0.653502876385348,-0.251957852403661,0.236627997464993,-0.208656431365156,-0.083218334205693,-0.192801426228118,-0.240302625988011,-0.195863954826906,0.428744603288013,1,TRUE
"221",-0.394098064640425,0.16313321630843,-0.667038456867678,-0.344672664611384,-0.114951904023714,0.291664103207864,0.314134477441832,0.786518440814704,0.0722467671989002,-0.201020722231906,40,FALSE
"222",-0.0772682068988548,-0.331951144809951,-0.0235786522018317,0.582540720589475,0.444420384319365,0.881341081968367,0.407966343953362,-0.629373607630562,-0.3047300537944,-0.405125880738813,3,TRUE
"223",-0.263454105978314,0.393305292986277,-0.410117807253644,0.325059035497737,0.0582017802088978,0.861236616103188,-0.13140126065711,0.342957007894403,1.06556042362556,0.587744176593089,36,TRUE
"224",-1.11609500737433,0.408734313838994,-0.381624837169376,-0.22125517333544,0.117235988844663,-0.303337175704827,-0.484850492381315,0.202386780043747,-0.126339893600728,0.682667816122144,2,FALSE
"225",0.931165715416884,-0.244257476227384,0.540353692217901,-0.23014649901908,0.536791207998582,-0.780783743870918,0.218304477216902,0.0402610083662784,0.178840360822106,1.06423975077902,1,TRUE
"226",-0.413253518590991,0.272295753594353,0.227519219466538,0.355049129904372,-0.39634439041874,0.693373779254468,0.652314991195931,0.173615639976322,0.483944786993023,-0.547995829655403,33,TRUE
"227",0.472224277011709,0.27236132235722,-0.77155130883334,1.07434545077201,0.0314944004084945,0.494248787032787,-0.499324570027887,0.0101099728955266,-0.306939286395341,0.00882060844715333,11,TRUE
"228",0.437083774397732,0.874120551196654,-0.110171494598198,-0.368423617005805,0.784953140589669,-0.0517631580770747,0.239784963048332,-0.363934028665365,-0.286026159128786,0.420355154774128,1,FALSE
"229",-0.757271978604351,-0.450170652777788,0.541882975246131,0.543070110808589,-0.545334567341529,-0.278267474871987,0.32302028514726,0.236302417841356,0.183612461363062,-0.645054458692046,1,TRUE
"230",-0.182549076914013,-0.173406871457527,-0.867109475206203,0.0999919542308773,0.254738054940457,-0.241646586470599,0.0173104195975046,-0.221765054707266,0.552783062849825,-0.166156674127946,40,TRUE
"231",0.231006896309237,-0.15079766772024,0.246793422083219,-0.107180690991287,0.251850853478165,0.0174855570443254,0.836743535648731,-0.424846745051439,0.0821569996930126,0.0827890760667995,2,TRUE
"232",0.246812312468863,0.289751353463951,-0.725313771608797,0.323416634872839,0.00209387803728241,-0.414674116888541,0.2543278183216,-0.959301432315037,0.170902068925447,0.663786719894993,36,TRUE
"233",0.249136536425022,-0.24183551029513,0.742377182969123,-0.744957662983967,-0.282454381360894,-0.293743179962791,0.531766561956809,0.132020181357854,-0.19655046876523,-0.0143690909662616,2,TRUE
"234",0.13023172297257,-0.681713721512549,0.655670849568293,-0.0249626969191373,-0.358373621164623,0.344877712332152,-0.281573110142248,0.35324462925332,-0.315466669604543,0.411316731655198,3,TRUE
"235",0.233358441090795,-0.360047696951738,-0.346256776284501,-0.401044577194816,-0.515213198410347,0.3365570762142,0.117275588818931,0.69499192226764,0.285947310063171,0.440085322458185,36,TRUE
"236",0.152717542572879,0.985618125647778,-0.606034758793287,0.744331274296137,0.49298010344331,-0.457109380592688,-1.11618011700349,0.283173126430388,-0.477368944407078,0.306590114793093,11,TRUE
"237",-1.0471270281353,-0.521492760546315,0.524953394436223,-0.31198228944228,0.115759319724381,0.0414691497363551,1.43114822549184,0.126861702059021,0.402334128423775,-0.891737980430355,1,TRUE
"238",1.07460133330426,-0.203429929639535,-0.168209109951796,0.523114109375947,1.00687216765751,0.654976643422988,0.0218807932328491,-0.211603702507667,-0.284568378446561,-1.04623942902183,1,TRUE
"239",-0.419153604721906,-0.0553885081957579,-0.188552943091507,-0.271804579427221,-0.00636603703913951,-0.0718255648257836,-0.855076906856172,-0.547469348146088,-0.723115787404639,-0.0187928797808826,2,TRUE
"240",-0.0214139327034477,0.252085811286737,-0.0882112967460351,0.337131433195678,0.0341373104136541,-0.114730000198594,0.494554990847995,-0.364821739094715,0.0838155340602378,-0.12982070478818,2,TRUE
"241",0.219791612321379,0.0401968688962236,-0.843670381143549,0.142406054088398,0.0627698399006308,-0.387024332533035,0.499011927875068,0.218263947311893,-0.888211648260337,0.450701857455808,37,FALSE
"242",0.653254581235723,-0.524935222419443,-0.0811602983556906,-0.300569199756063,-0.557254856866785,0.317925238034514,0.299142597469469,-0.797449697114349,-0.172162371654677,0.75918668307387,40,TRUE
"243",0.405203289433671,-0.107915038532201,-0.0925595136713526,0.693680722363078,-0.066169461265775,-0.135016945564982,0.0129812575492016,0.23109372800615,0.120141517092326,-0.239433374939061,10,TRUE
"244",0.246395911296264,0.917232034621711,0.602760965316871,0.0258911952761411,-0.283706055272095,-0.277293582353141,0.487215125226832,0.102920860965868,0.703587838966377,0.365145343335219,1,TRUE
"245",0.058287438541768,-0.677909234637073,-0.00505268986191102,-0.308374224687888,-1.25598239487251,-0.173490915342554,0.713015204970064,0.198352117657632,0.422663581418494,-0.634297686126411,40,FALSE
"246",-0.220558633926504,0.391417489947028,-0.0504341503437255,-0.262675642813798,0.109066812233267,-0.167511513961387,1.01602867128902,0.535366297702318,-0.25920092525332,0.484911611721057,11,TRUE
"247",-1.22672189253834,0.0650893078975243,-0.19455123872319,-0.232533514029224,-0.049492973525678,-0.153549304445877,0.0959802897941796,0.490705080344945,0.395383250544663,0.1789302440846,1,TRUE
"248",0.238640015164415,0.214427594572029,-0.840199955987258,-0.101094767197309,0.966622474976157,0.00878382938895238,0.162907001487544,-0.428456887776669,0.58305178618071,-0.364081414867425,3,TRUE
"249",-0.0631537610803197,0.257077624791611,-0.789290515909034,-0.296024073478732,0.88518502260934,0.00993821005295512,0.586154684553158,-0.293423289084269,-0.290486346821054,0.666686091371591,36,TRUE
"250",0.804237598708679,0.340405998778203,-0.882827713680611,0.500094944625398,0.045512254522963,-0.443874691943295,0.322832861033764,0.00408776779944396,0.114934287228417,0.201922787248692,2,TRUE
"251",0.267883064760493,0.774256633981989,0.397599231366416,0.257813517510723,0.333405680282349,-0.342712950194287,-0.325008037553425,-0.408068196634327,0.122903467085628,-0.0857230448025367,1,FALSE
"252",-0.479830887191741,-0.283737320081427,0.122753262933812,-0.373576693328775,0.768788704113422,0.853980136130776,0.262653700499122,0.66787078949925,-0.327908487362251,0.503326412385885,1,TRUE
"253",-0.00629944679504603,0.377361823175785,-0.189708943161424,0.908534556408646,0.00815139088470808,0.539372777808711,-0.481216105936165,0.844288352141925,-0.0607470998810883,-0.54286367903383,36,TRUE
"254",-0.977066428767826,0.171940158067882,-0.0968439023578265,0.185083091644613,0.14006601600576,-0.448702375489373,0.410978176804846,0.305610263939163,-0.481810590716701,0.798364777955632,2,TRUE
"255",0.703144611771564,0.141160007628584,-0.0545297693182602,0.451872949864118,0.576597704486812,-0.5203359691211,-0.452239770327689,-0.113549345603736,0.200805987877072,0.219278836540226,1,TRUE
"256",-0.711435110138074,0.231872420979214,0.929801122439065,0.502359191559915,0.0850848138486458,0.237690171099638,0.201353077603543,-0.0499021999736441,-0.719072598765222,0.705800907551006,1,FALSE
"257",0.649510804041071,0.11655521927031,-0.150300057885102,-0.0927593212917239,-0.651032704546446,0.0800916985289086,-0.104367229154584,-0.48924570679668,-0.630025151351086,-0.0997361666629278,36,TRUE
"258",0.256235632303629,-0.047138044120089,0.136999104245919,1.00227736466308,0.487343904387778,-0.322023064496108,-0.604778254110146,0.633300941130629,-0.651920470840138,0.210480934155259,2,TRUE
"259",0.129782629384618,0.162998680485657,-0.409269677640293,0.319019339714326,0.000567673026436991,0.151584979078939,0.495541738196016,0.128643342152025,0.0982717259688925,1.19768610700687,11,TRUE
"260",-0.529286989823987,-0.697649602008899,-0.713678551541793,0.0246995723864241,0.52991942218673,-0.19762078435131,0.0394450333400032,0.612932142052973,0.59205789193705,-0.479639143724559,2,TRUE
"261",0.227847456578619,0.528383116168161,-0.622544550733725,-0.992282582115433,-0.260202897557155,-0.402217184974269,0.469294806918488,-0.0317660805042192,-0.494982531970929,-0.778078246878108,40,FALSE
"262",0.432807293823675,0.12238905098534,0.745421045433227,-0.275793394843825,-0.125672536943173,-0.283765306590944,0.38054170904372,0.784453820238793,0.0530687392965883,0.371053595951335,1,TRUE
"263",-0.18479582798817,-0.0661763927264912,-0.768198704968429,-0.842760385873572,-0.0849777556695829,-0.63511532089543,-0.505260009855826,-0.190556947785059,0.543359428862077,-0.551704943325063,40,TRUE
"264",-0.559213954979941,0.982195139099669,0.257380914497069,-0.250433872929646,-0.578670718333369,1.04449255232313,-0.187855783133981,-0.658871942330595,-0.52406108112771,-0.242100692813808,37,TRUE
"265",1.04114897783658,-0.105207767333238,-0.414434662535158,-0.350163112769906,0.2680528054929,-0.0134900460441377,0.590599838346558,0.339527324118988,-0.451363657356827,-0.697614031148205,1,TRUE
"266",0.266377050798092,0.122126025469285,0.304092463298106,-0.144005608727352,-0.426292803608602,-1.02495529001859,0.145804769651766,-0.363572914907639,0.244009684282155,-0.0237629503966314,36,TRUE
"267",-0.383380651105365,-0.0936413435815636,-0.313147599173093,-0.623107850109395,-1.04429618096681,-0.409595500335841,-0.252314779046952,-0.308432102214838,0.229145018033088,-0.462928677373611,40,TRUE
"268",0.0167371328297969,0.402608980441649,0.723030018055225,-1.08373680232199,0.357758042862604,-0.507459011251781,0.423804413996518,0.35656244393322,0.0981049016405922,0.635131472558372,1,FALSE
"269",0.513149161308757,0.073868534547538,-0.638050083417401,0.321875280117495,0.458484324935236,0.958193051593535,-0.144513124221578,0.444618198637737,-0.4630228903047,-0.553360866126922,3,TRUE
"270",0.27254586102123,-0.0426576493134195,0.187710399684691,-0.544018314420845,-0.152139284177512,0.100214003924075,0.560303940900385,-0.348962913624142,1.05761991269058,-0.418587613561546,2,FALSE
"271",0.219351593782005,-0.622013929849578,-1.17320997903699,0.240790131377005,0.469026136726628,-0.188006964628767,0.708237809102815,-0.279886377645184,-0.42916526869493,-0.319995332867911,40,TRUE
"272",0.603727641524656,0.74610563543068,0.542323711297798,-0.58731677247102,-0.0933361679445463,0.529614426893105,-0.119133023987521,1.16421167648002,0.716560092979796,0.598134402108608,1,TRUE
"273",0.708917806407982,0.663567113581053,-0.273273947547099,0.518943145408083,0.161690870566492,-0.600327461289567,-0.587659295144278,1.06699605806268,0.131142779102088,0.358184261931717,1,TRUE
"274",0.428228836117722,-0.240638593844131,0.0939855700153573,-0.38749630220969,-0.213835192366458,-0.098731997498117,0.388529201583452,0.373992316847226,1.24723827726895,-0.303609138593533,11,TRUE
"275",0.351211991353906,-0.622134302587965,-0.313706052174272,-0.173545654662375,0.794918860958982,0.321761211332352,-0.697784490948509,0.161243855631699,0.172299767759018,-0.180929800063821,2,FALSE
"276",-0.110413969255667,0.238344811075452,0.803749030457113,0.303138541152131,-0.248601321567284,0.197917541648284,0.483433528751939,-0.124771636572138,-0.804475543572363,0.178391147386191,1,TRUE
"277",-0.192318277169672,0.846192554859919,0.151459063806452,-0.808052882112392,0.253130023093271,-0.0918281843317082,-0.101923155381014,0.41949642001878,0.773327955734024,-0.129274489456643,1,FALSE
"278",0.401477111509163,-0.384608021867643,-0.359425140247506,-0.198216410887275,1.41564955226186,0.442286274641305,-0.31612496733373,0.304618684450062,0.256633057479801,0.0579972564449793,1,TRUE
"279",0.320686825120408,0.203440784732119,-0.275079503838024,-0.377945673753063,-0.405517126473371,-0.544858220942279,0.95752225176013,0.674630373728805,0.50131278875586,0.168625546891892,40,TRUE
"280",-0.305565753254757,-0.393816540007929,0.5313862964713,0.405915946987631,0.0143262735407633,-0.3550336145115,0.483426427617065,-0.703328183107896,-0.593688126227907,-0.571758230847033,1,TRUE
"281",0.133839560266384,0.211491277842762,-0.374649361901401,-0.349783564200692,0.659502307886885,-0.137303191957472,-0.136322296858475,0.0223607335471477,0.0465294110460278,0.259563984671491,2,TRUE
"282",0.0508910586032126,-0.265782048705261,-0.574959603141198,-1.29453195501572,-0.85092489868732,-0.299691713232616,0.0194635646429633,0.249967558739462,0.215160330797415,-0.525177834797001,40,TRUE
"283",1.12810189723935,0.202110196947857,-0.405522680524181,0.392944052952151,-0.758105401394484,-0.401125354204095,0.0021281624989739,0.7307795114642,0.353160194266078,-0.265835215764814,1,TRUE
"284",-0.933204865821175,0.384909056518739,0.097889363454508,-0.118403964280441,-0.716796174690115,0.126179523919958,0.1078094462841,-0.6734792436176,-0.174286412672919,-0.230941535020774,36,TRUE
"285",-0.389975525400271,-0.482879939023578,0.122005919563954,0.0664690419444119,0.170700146440645,-1.22850991087435,0.55762419402161,-0.734208110812684,-0.725700364869928,0.315727919486924,5,TRUE
"286",0.371520589856409,0.34074137348969,0.202375367446557,-0.642248376114741,-0.246542149905783,-0.340787077503695,-0.441378059234247,-0.198363891733307,-0.16134963917423,-0.141912303367867,3,TRUE
"287",-0.163492802861387,-0.244239976001357,0.433514093737603,-0.326043988273142,0.237255327277929,-1.0691765951024,0.747432052871602,0.315828281158468,-0.346804012637635,-0.0205838967103209,2,FALSE
"288",-0.203829829389609,-0.743284836050461,-0.737629336443516,-0.109135937219139,0.228898775555812,-0.5141771018142,-0.688533530237893,-0.480452091316475,0.51650483125434,-0.572121866184236,36,FALSE
"289",-0.162589950175579,0.566540801462417,-0.427098566570949,-0.449920250609078,-0.154721103321864,0.287505989434936,0.0303938730496498,0.804002877034723,0.373286005603934,0.175416491130918,40,TRUE
"290",0.935059628485852,-0.586640859104439,-0.534956169770242,-0.0259279457509851,-0.542957251650017,0.565423480387578,-0.768566080073078,1.2532962027936,1.12547527154748,0.575280677860352,38,TRUE
"291",-0.342954990562047,-0.35736546124101,-0.312887040145924,0.456295283306113,-0.069198020380741,-0.30400778285581,0.806802204166936,-0.0064149178231433,0.0910150633002109,0.285005280234511,36,TRUE
"292",0.190061671211643,-0.42193756251239,0.872416348435562,0.226512839333081,0.624365596514282,-0.570721355234025,0.399741113192043,1.19935228353671,-0.497598317412492,0.429466800073293,1,TRUE
"293",-0.732633646151006,-0.707340277836128,-0.211072205011121,-0.228225012902386,-0.478718311504602,0.224364640443224,0.788564630042181,-0.231895562766612,0.396001729502301,-0.901048671841458,3,TRUE
"294",-0.260488156375843,0.340285442450528,0.340348297074827,0.855369430781795,0.443269599423705,-0.307406051647798,0.535838880140174,1.38521995595996,0.661222975965406,-0.825272787094594,1,TRUE
"295",-0.119221896733604,-0.775457189732442,-0.0496745041891261,-0.319718747854916,0.312010675750672,-1.09084005452032,-1.2956268940399,0.900174153389074,-0.0482097111957756,-0.768237427092596,36,TRUE
"296",-0.33118888769615,-1.21081023076319,-0.186629962516625,-0.284097606922069,0.260832901241701,-0.716230824096692,0.0315343307671076,0.170528995712833,0.614138408915394,0.235342434146021,1,TRUE
"297",0.586218581013657,-0.397237007966774,0.261206317201702,0.00694038001272014,-0.224682060580673,0.582309026766512,0.0561459279647492,-0.135431769272258,0.827761435009747,0.580386591173414,2,TRUE
"298",0.652696241049779,-0.206134499450326,-0.620270068667663,0.0260316561016896,0.166164347113805,0.552199664647956,-0.122296384682877,-0.460838885263111,0.0691063558043145,-0.61939406858761,35,TRUE
"299",-0.442085939153224,-0.184007328403911,-0.338382815254852,0.543690182250174,0.677512102166027,-0.419337060186829,0.913551036109337,-0.265056499551964,-0.379234511685009,0.467917621779356,2,TRUE
"300",-0.430083905138005,-0.636200715431708,-1.00751880959791,0.0592957395576306,-0.354722828774904,0.292612411330068,-0.17618463464974,0.105664374493188,0.186482257217659,-0.290659314557972,40,FALSE
